\encoding UTF8

--
-- PostgreSQL database dump
--

-- Dumped from database version 17.4
-- Dumped by pg_dump version 17.4

SET statement_timeout = 0;
SET lock_timeout = 0;
SET idle_in_transaction_session_timeout = 0;
SET transaction_timeout = 0;
SET client_encoding = 'UTF8';
SET standard_conforming_strings = on;
SELECT pg_catalog.set_config('search_path', '', false);
SET check_function_bodies = false;
SET xmloption = content;
SET client_min_messages = warning;
SET row_security = off;

SET default_tablespace = '';

SET default_table_access_method = heap;

--
-- Name: account_emailaddress; Type: TABLE; Schema: public; Owner: -
--

CREATE TABLE public.account_emailaddress (
    id integer NOT NULL,
    email character varying(254) NOT NULL,
    verified boolean NOT NULL,
    "primary" boolean NOT NULL,
    user_id integer NOT NULL
);


--
-- Name: account_emailaddress_id_seq; Type: SEQUENCE; Schema: public; Owner: -
--

ALTER TABLE public.account_emailaddress ALTER COLUMN id ADD GENERATED BY DEFAULT AS IDENTITY (
    SEQUENCE NAME public.account_emailaddress_id_seq
    START WITH 1
    INCREMENT BY 1
    NO MINVALUE
    NO MAXVALUE
    CACHE 1
);


--
-- Name: account_emailconfirmation; Type: TABLE; Schema: public; Owner: -
--

CREATE TABLE public.account_emailconfirmation (
    id integer NOT NULL,
    created timestamp with time zone NOT NULL,
    sent timestamp with time zone,
    key character varying(64) NOT NULL,
    email_address_id integer NOT NULL
);


--
-- Name: account_emailconfirmation_id_seq; Type: SEQUENCE; Schema: public; Owner: -
--

ALTER TABLE public.account_emailconfirmation ALTER COLUMN id ADD GENERATED BY DEFAULT AS IDENTITY (
    SEQUENCE NAME public.account_emailconfirmation_id_seq
    START WITH 1
    INCREMENT BY 1
    NO MINVALUE
    NO MAXVALUE
    CACHE 1
);


--
-- Name: auth_group; Type: TABLE; Schema: public; Owner: -
--

CREATE TABLE public.auth_group (
    id integer NOT NULL,
    name character varying(150) NOT NULL
);


--
-- Name: auth_group_id_seq; Type: SEQUENCE; Schema: public; Owner: -
--

ALTER TABLE public.auth_group ALTER COLUMN id ADD GENERATED BY DEFAULT AS IDENTITY (
    SEQUENCE NAME public.auth_group_id_seq
    START WITH 1
    INCREMENT BY 1
    NO MINVALUE
    NO MAXVALUE
    CACHE 1
);


--
-- Name: auth_group_permissions; Type: TABLE; Schema: public; Owner: -
--

CREATE TABLE public.auth_group_permissions (
    id bigint NOT NULL,
    group_id integer NOT NULL,
    permission_id integer NOT NULL
);


--
-- Name: auth_group_permissions_id_seq; Type: SEQUENCE; Schema: public; Owner: -
--

ALTER TABLE public.auth_group_permissions ALTER COLUMN id ADD GENERATED BY DEFAULT AS IDENTITY (
    SEQUENCE NAME public.auth_group_permissions_id_seq
    START WITH 1
    INCREMENT BY 1
    NO MINVALUE
    NO MAXVALUE
    CACHE 1
);


--
-- Name: auth_permission; Type: TABLE; Schema: public; Owner: -
--

CREATE TABLE public.auth_permission (
    id integer NOT NULL,
    name character varying(255) NOT NULL,
    content_type_id integer NOT NULL,
    codename character varying(100) NOT NULL
);


--
-- Name: auth_permission_id_seq; Type: SEQUENCE; Schema: public; Owner: -
--

ALTER TABLE public.auth_permission ALTER COLUMN id ADD GENERATED BY DEFAULT AS IDENTITY (
    SEQUENCE NAME public.auth_permission_id_seq
    START WITH 1
    INCREMENT BY 1
    NO MINVALUE
    NO MAXVALUE
    CACHE 1
);


--
-- Name: auth_user; Type: TABLE; Schema: public; Owner: -
--

CREATE TABLE public.auth_user (
    id integer NOT NULL,
    password character varying(128) NOT NULL,
    last_login timestamp with time zone,
    is_superuser boolean NOT NULL,
    username character varying(150) NOT NULL,
    first_name character varying(150) NOT NULL,
    last_name character varying(150) NOT NULL,
    email character varying(254) NOT NULL,
    is_staff boolean NOT NULL,
    is_active boolean NOT NULL,
    date_joined timestamp with time zone NOT NULL
);


--
-- Name: auth_user_groups; Type: TABLE; Schema: public; Owner: -
--

CREATE TABLE public.auth_user_groups (
    id bigint NOT NULL,
    user_id integer NOT NULL,
    group_id integer NOT NULL
);


--
-- Name: auth_user_groups_id_seq; Type: SEQUENCE; Schema: public; Owner: -
--

ALTER TABLE public.auth_user_groups ALTER COLUMN id ADD GENERATED BY DEFAULT AS IDENTITY (
    SEQUENCE NAME public.auth_user_groups_id_seq
    START WITH 1
    INCREMENT BY 1
    NO MINVALUE
    NO MAXVALUE
    CACHE 1
);


--
-- Name: auth_user_id_seq; Type: SEQUENCE; Schema: public; Owner: -
--

ALTER TABLE public.auth_user ALTER COLUMN id ADD GENERATED BY DEFAULT AS IDENTITY (
    SEQUENCE NAME public.auth_user_id_seq
    START WITH 1
    INCREMENT BY 1
    NO MINVALUE
    NO MAXVALUE
    CACHE 1
);


--
-- Name: auth_user_user_permissions; Type: TABLE; Schema: public; Owner: -
--

CREATE TABLE public.auth_user_user_permissions (
    id bigint NOT NULL,
    user_id integer NOT NULL,
    permission_id integer NOT NULL
);


--
-- Name: auth_user_user_permissions_id_seq; Type: SEQUENCE; Schema: public; Owner: -
--

ALTER TABLE public.auth_user_user_permissions ALTER COLUMN id ADD GENERATED BY DEFAULT AS IDENTITY (
    SEQUENCE NAME public.auth_user_user_permissions_id_seq
    START WITH 1
    INCREMENT BY 1
    NO MINVALUE
    NO MAXVALUE
    CACHE 1
);


--
-- Name: core_apartment; Type: TABLE; Schema: public; Owner: -
--

CREATE TABLE public.core_apartment (
    id bigint NOT NULL,
    number integer NOT NULL,
    interfone_configured boolean NOT NULL,
    contract_generated boolean NOT NULL,
    contract_signed boolean NOT NULL,
    rental_value numeric(10,2) NOT NULL,
    cleaning_fee numeric(10,2) NOT NULL,
    max_tenants integer NOT NULL,
    is_rented boolean NOT NULL,
    lease_date date,
    last_rent_increase_date date,
    building_id bigint NOT NULL,
    created_at timestamp with time zone NOT NULL,
    created_by_id integer,
    deleted_at timestamp with time zone,
    deleted_by_id integer,
    is_deleted boolean NOT NULL,
    updated_at timestamp with time zone NOT NULL,
    updated_by_id integer,
    CONSTRAINT core_apartment_max_tenants_check CHECK ((max_tenants >= 0)),
    CONSTRAINT core_apartment_number_check CHECK ((number >= 0))
);


--
-- Name: core_apartment_furnitures; Type: TABLE; Schema: public; Owner: -
--

CREATE TABLE public.core_apartment_furnitures (
    id bigint NOT NULL,
    apartment_id bigint NOT NULL,
    furniture_id bigint NOT NULL
);


--
-- Name: core_apartment_furnitures_id_seq; Type: SEQUENCE; Schema: public; Owner: -
--

ALTER TABLE public.core_apartment_furnitures ALTER COLUMN id ADD GENERATED BY DEFAULT AS IDENTITY (
    SEQUENCE NAME public.core_apartment_furnitures_id_seq
    START WITH 1
    INCREMENT BY 1
    NO MINVALUE
    NO MAXVALUE
    CACHE 1
);


--
-- Name: core_apartment_id_seq; Type: SEQUENCE; Schema: public; Owner: -
--

ALTER TABLE public.core_apartment ALTER COLUMN id ADD GENERATED BY DEFAULT AS IDENTITY (
    SEQUENCE NAME public.core_apartment_id_seq
    START WITH 1
    INCREMENT BY 1
    NO MINVALUE
    NO MAXVALUE
    CACHE 1
);


--
-- Name: core_building; Type: TABLE; Schema: public; Owner: -
--

CREATE TABLE public.core_building (
    id bigint NOT NULL,
    street_number integer NOT NULL,
    name character varying(100) NOT NULL,
    address character varying(200) NOT NULL,
    created_at timestamp with time zone NOT NULL,
    created_by_id integer,
    deleted_at timestamp with time zone,
    deleted_by_id integer,
    is_deleted boolean NOT NULL,
    updated_at timestamp with time zone NOT NULL,
    updated_by_id integer,
    CONSTRAINT core_building_street_number_check CHECK ((street_number >= 0))
);


--
-- Name: core_building_id_seq; Type: SEQUENCE; Schema: public; Owner: -
--

ALTER TABLE public.core_building ALTER COLUMN id ADD GENERATED BY DEFAULT AS IDENTITY (
    SEQUENCE NAME public.core_building_id_seq
    START WITH 1
    INCREMENT BY 1
    NO MINVALUE
    NO MAXVALUE
    CACHE 1
);


--
-- Name: core_dependent; Type: TABLE; Schema: public; Owner: -
--

CREATE TABLE public.core_dependent (
    id bigint NOT NULL,
    name character varying(150) NOT NULL,
    phone character varying(20) NOT NULL,
    tenant_id bigint NOT NULL,
    created_at timestamp with time zone NOT NULL,
    created_by_id integer,
    deleted_at timestamp with time zone,
    deleted_by_id integer,
    is_deleted boolean NOT NULL,
    updated_at timestamp with time zone NOT NULL,
    updated_by_id integer
);


--
-- Name: core_dependent_id_seq; Type: SEQUENCE; Schema: public; Owner: -
--

ALTER TABLE public.core_dependent ALTER COLUMN id ADD GENERATED BY DEFAULT AS IDENTITY (
    SEQUENCE NAME public.core_dependent_id_seq
    START WITH 1
    INCREMENT BY 1
    NO MINVALUE
    NO MAXVALUE
    CACHE 1
);


--
-- Name: core_furniture; Type: TABLE; Schema: public; Owner: -
--

CREATE TABLE public.core_furniture (
    id bigint NOT NULL,
    name character varying(100) NOT NULL,
    description text,
    created_at timestamp with time zone NOT NULL,
    created_by_id integer,
    deleted_at timestamp with time zone,
    deleted_by_id integer,
    is_deleted boolean NOT NULL,
    updated_at timestamp with time zone NOT NULL,
    updated_by_id integer
);


--
-- Name: core_furniture_id_seq; Type: SEQUENCE; Schema: public; Owner: -
--

ALTER TABLE public.core_furniture ALTER COLUMN id ADD GENERATED BY DEFAULT AS IDENTITY (
    SEQUENCE NAME public.core_furniture_id_seq
    START WITH 1
    INCREMENT BY 1
    NO MINVALUE
    NO MAXVALUE
    CACHE 1
);


--
-- Name: core_lease; Type: TABLE; Schema: public; Owner: -
--

CREATE TABLE public.core_lease (
    id bigint NOT NULL,
    start_date date NOT NULL,
    validity_months integer NOT NULL,
    due_day integer NOT NULL,
    rental_value numeric(10,2) NOT NULL,
    cleaning_fee numeric(10,2) NOT NULL,
    tag_fee numeric(10,2) NOT NULL,
    contract_generated boolean NOT NULL,
    contract_signed boolean NOT NULL,
    interfone_configured boolean NOT NULL,
    warning_count integer NOT NULL,
    apartment_id bigint NOT NULL,
    responsible_tenant_id bigint NOT NULL,
    number_of_tenants integer NOT NULL,
    created_at timestamp with time zone NOT NULL,
    created_by_id integer,
    deleted_at timestamp with time zone,
    deleted_by_id integer,
    is_deleted boolean NOT NULL,
    updated_at timestamp with time zone NOT NULL,
    updated_by_id integer,
    CONSTRAINT core_lease_due_day_check CHECK ((due_day >= 0)),
    CONSTRAINT core_lease_number_of_tenants_check CHECK ((number_of_tenants >= 0)),
    CONSTRAINT core_lease_validity_months_check CHECK ((validity_months >= 0)),
    CONSTRAINT core_lease_warning_count_check CHECK ((warning_count >= 0))
);


--
-- Name: core_lease_id_seq; Type: SEQUENCE; Schema: public; Owner: -
--

ALTER TABLE public.core_lease ALTER COLUMN id ADD GENERATED BY DEFAULT AS IDENTITY (
    SEQUENCE NAME public.core_lease_id_seq
    START WITH 1
    INCREMENT BY 1
    NO MINVALUE
    NO MAXVALUE
    CACHE 1
);


--
-- Name: core_lease_tenants; Type: TABLE; Schema: public; Owner: -
--

CREATE TABLE public.core_lease_tenants (
    id bigint NOT NULL,
    lease_id bigint NOT NULL,
    tenant_id bigint NOT NULL
);


--
-- Name: core_lease_tenants_id_seq; Type: SEQUENCE; Schema: public; Owner: -
--

ALTER TABLE public.core_lease_tenants ALTER COLUMN id ADD GENERATED BY DEFAULT AS IDENTITY (
    SEQUENCE NAME public.core_lease_tenants_id_seq
    START WITH 1
    INCREMENT BY 1
    NO MINVALUE
    NO MAXVALUE
    CACHE 1
);


--
-- Name: core_tenant; Type: TABLE; Schema: public; Owner: -
--

CREATE TABLE public.core_tenant (
    id bigint NOT NULL,
    name character varying(150) NOT NULL,
    cpf_cnpj character varying(20) NOT NULL,
    is_company boolean NOT NULL,
    rg character varying(20),
    phone character varying(20) NOT NULL,
    marital_status character varying(50) NOT NULL,
    profession character varying(100) NOT NULL,
    deposit_amount numeric(10,2),
    cleaning_fee_paid boolean NOT NULL,
    tag_deposit_paid boolean NOT NULL,
    rent_due_day integer NOT NULL,
    user_id integer,
    created_at timestamp with time zone NOT NULL,
    created_by_id integer,
    deleted_at timestamp with time zone,
    deleted_by_id integer,
    is_deleted boolean NOT NULL,
    updated_at timestamp with time zone NOT NULL,
    updated_by_id integer,
    CONSTRAINT core_tenant_rent_due_day_check CHECK ((rent_due_day >= 0))
);


--
-- Name: core_tenant_furnitures; Type: TABLE; Schema: public; Owner: -
--

CREATE TABLE public.core_tenant_furnitures (
    id bigint NOT NULL,
    tenant_id bigint NOT NULL,
    furniture_id bigint NOT NULL
);


--
-- Name: core_tenant_furnitures_id_seq; Type: SEQUENCE; Schema: public; Owner: -
--

ALTER TABLE public.core_tenant_furnitures ALTER COLUMN id ADD GENERATED BY DEFAULT AS IDENTITY (
    SEQUENCE NAME public.core_tenant_furnitures_id_seq
    START WITH 1
    INCREMENT BY 1
    NO MINVALUE
    NO MAXVALUE
    CACHE 1
);


--
-- Name: core_tenant_id_seq; Type: SEQUENCE; Schema: public; Owner: -
--

ALTER TABLE public.core_tenant ALTER COLUMN id ADD GENERATED BY DEFAULT AS IDENTITY (
    SEQUENCE NAME public.core_tenant_id_seq
    START WITH 1
    INCREMENT BY 1
    NO MINVALUE
    NO MAXVALUE
    CACHE 1
);


--
-- Name: django_admin_log; Type: TABLE; Schema: public; Owner: -
--

CREATE TABLE public.django_admin_log (
    id integer NOT NULL,
    action_time timestamp with time zone NOT NULL,
    object_id text,
    object_repr character varying(200) NOT NULL,
    action_flag smallint NOT NULL,
    change_message text NOT NULL,
    content_type_id integer,
    user_id integer NOT NULL,
    CONSTRAINT django_admin_log_action_flag_check CHECK ((action_flag >= 0))
);


--
-- Name: django_admin_log_id_seq; Type: SEQUENCE; Schema: public; Owner: -
--

ALTER TABLE public.django_admin_log ALTER COLUMN id ADD GENERATED BY DEFAULT AS IDENTITY (
    SEQUENCE NAME public.django_admin_log_id_seq
    START WITH 1
    INCREMENT BY 1
    NO MINVALUE
    NO MAXVALUE
    CACHE 1
);


--
-- Name: django_content_type; Type: TABLE; Schema: public; Owner: -
--

CREATE TABLE public.django_content_type (
    id integer NOT NULL,
    app_label character varying(100) NOT NULL,
    model character varying(100) NOT NULL
);


--
-- Name: django_content_type_id_seq; Type: SEQUENCE; Schema: public; Owner: -
--

ALTER TABLE public.django_content_type ALTER COLUMN id ADD GENERATED BY DEFAULT AS IDENTITY (
    SEQUENCE NAME public.django_content_type_id_seq
    START WITH 1
    INCREMENT BY 1
    NO MINVALUE
    NO MAXVALUE
    CACHE 1
);


--
-- Name: django_migrations; Type: TABLE; Schema: public; Owner: -
--

CREATE TABLE public.django_migrations (
    id bigint NOT NULL,
    app character varying(255) NOT NULL,
    name character varying(255) NOT NULL,
    applied timestamp with time zone NOT NULL
);


--
-- Name: django_migrations_id_seq; Type: SEQUENCE; Schema: public; Owner: -
--

ALTER TABLE public.django_migrations ALTER COLUMN id ADD GENERATED BY DEFAULT AS IDENTITY (
    SEQUENCE NAME public.django_migrations_id_seq
    START WITH 1
    INCREMENT BY 1
    NO MINVALUE
    NO MAXVALUE
    CACHE 1
);


--
-- Name: django_session; Type: TABLE; Schema: public; Owner: -
--

CREATE TABLE public.django_session (
    session_key character varying(40) NOT NULL,
    session_data text NOT NULL,
    expire_date timestamp with time zone NOT NULL
);


--
-- Name: django_site; Type: TABLE; Schema: public; Owner: -
--

CREATE TABLE public.django_site (
    id integer NOT NULL,
    domain character varying(100) NOT NULL,
    name character varying(50) NOT NULL
);


--
-- Name: django_site_id_seq; Type: SEQUENCE; Schema: public; Owner: -
--

ALTER TABLE public.django_site ALTER COLUMN id ADD GENERATED BY DEFAULT AS IDENTITY (
    SEQUENCE NAME public.django_site_id_seq
    START WITH 1
    INCREMENT BY 1
    NO MINVALUE
    NO MAXVALUE
    CACHE 1
);


--
-- Name: socialaccount_socialaccount; Type: TABLE; Schema: public; Owner: -
--

CREATE TABLE public.socialaccount_socialaccount (
    id integer NOT NULL,
    provider character varying(200) NOT NULL,
    uid character varying(191) NOT NULL,
    last_login timestamp with time zone NOT NULL,
    date_joined timestamp with time zone NOT NULL,
    extra_data jsonb NOT NULL,
    user_id integer NOT NULL
);


--
-- Name: socialaccount_socialaccount_id_seq; Type: SEQUENCE; Schema: public; Owner: -
--

ALTER TABLE public.socialaccount_socialaccount ALTER COLUMN id ADD GENERATED BY DEFAULT AS IDENTITY (
    SEQUENCE NAME public.socialaccount_socialaccount_id_seq
    START WITH 1
    INCREMENT BY 1
    NO MINVALUE
    NO MAXVALUE
    CACHE 1
);


--
-- Name: socialaccount_socialapp; Type: TABLE; Schema: public; Owner: -
--

CREATE TABLE public.socialaccount_socialapp (
    id integer NOT NULL,
    provider character varying(30) NOT NULL,
    name character varying(40) NOT NULL,
    client_id character varying(191) NOT NULL,
    secret character varying(191) NOT NULL,
    key character varying(191) NOT NULL,
    provider_id character varying(200) NOT NULL,
    settings jsonb NOT NULL
);


--
-- Name: socialaccount_socialapp_id_seq; Type: SEQUENCE; Schema: public; Owner: -
--

ALTER TABLE public.socialaccount_socialapp ALTER COLUMN id ADD GENERATED BY DEFAULT AS IDENTITY (
    SEQUENCE NAME public.socialaccount_socialapp_id_seq
    START WITH 1
    INCREMENT BY 1
    NO MINVALUE
    NO MAXVALUE
    CACHE 1
);


--
-- Name: socialaccount_socialapp_sites; Type: TABLE; Schema: public; Owner: -
--

CREATE TABLE public.socialaccount_socialapp_sites (
    id bigint NOT NULL,
    socialapp_id integer NOT NULL,
    site_id integer NOT NULL
);


--
-- Name: socialaccount_socialapp_sites_id_seq; Type: SEQUENCE; Schema: public; Owner: -
--

ALTER TABLE public.socialaccount_socialapp_sites ALTER COLUMN id ADD GENERATED BY DEFAULT AS IDENTITY (
    SEQUENCE NAME public.socialaccount_socialapp_sites_id_seq
    START WITH 1
    INCREMENT BY 1
    NO MINVALUE
    NO MAXVALUE
    CACHE 1
);


--
-- Name: socialaccount_socialtoken; Type: TABLE; Schema: public; Owner: -
--

CREATE TABLE public.socialaccount_socialtoken (
    id integer NOT NULL,
    token text NOT NULL,
    token_secret text NOT NULL,
    expires_at timestamp with time zone,
    account_id integer NOT NULL,
    app_id integer
);


--
-- Name: socialaccount_socialtoken_id_seq; Type: SEQUENCE; Schema: public; Owner: -
--

ALTER TABLE public.socialaccount_socialtoken ALTER COLUMN id ADD GENERATED BY DEFAULT AS IDENTITY (
    SEQUENCE NAME public.socialaccount_socialtoken_id_seq
    START WITH 1
    INCREMENT BY 1
    NO MINVALUE
    NO MAXVALUE
    CACHE 1
);


--
-- Name: token_blacklist_blacklistedtoken; Type: TABLE; Schema: public; Owner: -
--

CREATE TABLE public.token_blacklist_blacklistedtoken (
    id bigint NOT NULL,
    blacklisted_at timestamp with time zone NOT NULL,
    token_id bigint NOT NULL
);


--
-- Name: token_blacklist_blacklistedtoken_id_seq; Type: SEQUENCE; Schema: public; Owner: -
--

ALTER TABLE public.token_blacklist_blacklistedtoken ALTER COLUMN id ADD GENERATED BY DEFAULT AS IDENTITY (
    SEQUENCE NAME public.token_blacklist_blacklistedtoken_id_seq
    START WITH 1
    INCREMENT BY 1
    NO MINVALUE
    NO MAXVALUE
    CACHE 1
);


--
-- Name: token_blacklist_outstandingtoken; Type: TABLE; Schema: public; Owner: -
--

CREATE TABLE public.token_blacklist_outstandingtoken (
    id bigint NOT NULL,
    token text NOT NULL,
    created_at timestamp with time zone,
    expires_at timestamp with time zone NOT NULL,
    user_id integer,
    jti character varying(255) NOT NULL
);


--
-- Name: token_blacklist_outstandingtoken_id_seq; Type: SEQUENCE; Schema: public; Owner: -
--

ALTER TABLE public.token_blacklist_outstandingtoken ALTER COLUMN id ADD GENERATED BY DEFAULT AS IDENTITY (
    SEQUENCE NAME public.token_blacklist_outstandingtoken_id_seq
    START WITH 1
    INCREMENT BY 1
    NO MINVALUE
    NO MAXVALUE
    CACHE 1
);


--
-- Data for Name: account_emailaddress; Type: TABLE DATA; Schema: public; Owner: -
--

COPY public.account_emailaddress (id, email, verified, "primary", user_id) FROM stdin;
\.


--
-- Data for Name: account_emailconfirmation; Type: TABLE DATA; Schema: public; Owner: -
--

COPY public.account_emailconfirmation (id, created, sent, key, email_address_id) FROM stdin;
\.


--
-- Data for Name: auth_group; Type: TABLE DATA; Schema: public; Owner: -
--

COPY public.auth_group (id, name) FROM stdin;
\.


--
-- Data for Name: auth_group_permissions; Type: TABLE DATA; Schema: public; Owner: -
--

COPY public.auth_group_permissions (id, group_id, permission_id) FROM stdin;
\.


--
-- Data for Name: auth_permission; Type: TABLE DATA; Schema: public; Owner: -
--

COPY public.auth_permission (id, name, content_type_id, codename) FROM stdin;
1	Can add log entry	1	add_logentry
2	Can change log entry	1	change_logentry
3	Can delete log entry	1	delete_logentry
4	Can view log entry	1	view_logentry
5	Can add permission	2	add_permission
6	Can change permission	2	change_permission
7	Can delete permission	2	delete_permission
8	Can view permission	2	view_permission
9	Can add group	3	add_group
10	Can change group	3	change_group
11	Can delete group	3	delete_group
12	Can view group	3	view_group
13	Can add user	4	add_user
14	Can change user	4	change_user
15	Can delete user	4	delete_user
16	Can view user	4	view_user
17	Can add content type	5	add_contenttype
18	Can change content type	5	change_contenttype
19	Can delete content type	5	delete_contenttype
20	Can view content type	5	view_contenttype
21	Can add session	6	add_session
22	Can change session	6	change_session
23	Can delete session	6	delete_session
24	Can view session	6	view_session
25	Can add building	7	add_building
26	Can change building	7	change_building
27	Can delete building	7	delete_building
28	Can view building	7	view_building
29	Can add furniture	8	add_furniture
30	Can change furniture	8	change_furniture
31	Can delete furniture	8	delete_furniture
32	Can view furniture	8	view_furniture
33	Can add apartment	9	add_apartment
34	Can change apartment	9	change_apartment
35	Can delete apartment	9	delete_apartment
36	Can view apartment	9	view_apartment
37	Can add tenant	10	add_tenant
38	Can change tenant	10	change_tenant
39	Can delete tenant	10	delete_tenant
40	Can view tenant	10	view_tenant
41	Can add lease	11	add_lease
42	Can change lease	11	change_lease
43	Can delete lease	11	delete_lease
44	Can view lease	11	view_lease
45	Can add dependent	12	add_dependent
46	Can change dependent	12	change_dependent
47	Can delete dependent	12	delete_dependent
48	Can view dependent	12	view_dependent
49	Can add site	13	add_site
50	Can change site	13	change_site
51	Can delete site	13	delete_site
52	Can view site	13	view_site
53	Can add blacklisted token	14	add_blacklistedtoken
54	Can change blacklisted token	14	change_blacklistedtoken
55	Can delete blacklisted token	14	delete_blacklistedtoken
56	Can view blacklisted token	14	view_blacklistedtoken
57	Can add outstanding token	15	add_outstandingtoken
58	Can change outstanding token	15	change_outstandingtoken
59	Can delete outstanding token	15	delete_outstandingtoken
60	Can view outstanding token	15	view_outstandingtoken
61	Can add email address	16	add_emailaddress
62	Can change email address	16	change_emailaddress
63	Can delete email address	16	delete_emailaddress
64	Can view email address	16	view_emailaddress
65	Can add email confirmation	17	add_emailconfirmation
66	Can change email confirmation	17	change_emailconfirmation
67	Can delete email confirmation	17	delete_emailconfirmation
68	Can view email confirmation	17	view_emailconfirmation
69	Can add social account	18	add_socialaccount
70	Can change social account	18	change_socialaccount
71	Can delete social account	18	delete_socialaccount
72	Can view social account	18	view_socialaccount
73	Can add social application	19	add_socialapp
74	Can change social application	19	change_socialapp
75	Can delete social application	19	delete_socialapp
76	Can view social application	19	view_socialapp
77	Can add social application token	20	add_socialtoken
78	Can change social application token	20	change_socialtoken
79	Can delete social application token	20	delete_socialtoken
80	Can view social application token	20	view_socialtoken
\.


--
-- Data for Name: auth_user; Type: TABLE DATA; Schema: public; Owner: -
--

COPY public.auth_user (id, password, last_login, is_superuser, username, first_name, last_name, email, is_staff, is_active, date_joined) FROM stdin;
5	pbkdf2_sha256$720000$w6bxNKx23C40mBohM77Da7$CFdVkjpZl4iG9WiHFMzXWTucCLCMgulm/YO8hVF2Fw4=	\N	t	alvarosps			alvaro123sps@gmail.com	t	t	2025-12-23 11:34:13.588588-03
3	pbkdf2_sha256$720000$eXgIC8Jt3zqOkz9uiixSYj$bMp2bkBIZMTuR1g4MD7cFQIYR3BCfp2r4hV+NSFaIcY=	2026-01-06 16:15:02.400508-03	t	admin			admin@admin.com	t	t	2025-05-22 10:44:13.404187-03
\.


--
-- Data for Name: auth_user_groups; Type: TABLE DATA; Schema: public; Owner: -
--

COPY public.auth_user_groups (id, user_id, group_id) FROM stdin;
\.


--
-- Data for Name: auth_user_user_permissions; Type: TABLE DATA; Schema: public; Owner: -
--

COPY public.auth_user_user_permissions (id, user_id, permission_id) FROM stdin;
\.


--
-- Data for Name: core_apartment; Type: TABLE DATA; Schema: public; Owner: -
--

COPY public.core_apartment (id, number, interfone_configured, contract_generated, contract_signed, rental_value, cleaning_fee, max_tenants, is_rented, lease_date, last_rent_increase_date, building_id, created_at, created_by_id, deleted_at, deleted_by_id, is_deleted, updated_at, updated_by_id) FROM stdin;
1	113	t	f	f	950.00	100.00	2	t	2025-02-22	2025-02-22	1	2025-12-21 13:19:51.309441-03	\N	\N	\N	f	2025-12-21 13:19:51.372958-03	\N
2	204	t	f	f	900.00	100.00	2	t	2024-11-17	2024-11-17	1	2025-12-21 13:19:51.309441-03	\N	\N	\N	f	2025-12-21 13:19:51.372958-03	\N
4	208	t	f	f	750.00	100.00	1	t	2025-03-07	2025-03-07	1	2025-12-21 13:19:51.309441-03	\N	\N	\N	f	2025-12-21 13:19:51.372958-03	\N
6	106	t	f	f	1000.00	100.00	2	t	2025-04-08	2025-04-08	1	2025-12-21 13:19:51.309441-03	\N	\N	\N	f	2025-12-21 13:19:51.372958-03	\N
7	115	t	f	f	680.00	100.00	1	t	2025-03-21	2025-03-21	1	2025-12-21 13:19:51.309441-03	\N	\N	\N	f	2025-12-21 13:19:51.372958-03	\N
8	103	t	t	t	1043.00	100.00	2	t	2024-11-30	2025-02-07	2	2025-12-21 13:19:51.309441-03	\N	\N	\N	f	2025-12-21 13:19:51.372958-03	\N
9	104	t	t	t	900.00	100.00	1	t	2024-04-18	2025-05-18	2	2025-12-21 13:19:51.309441-03	\N	\N	\N	f	2025-12-21 13:19:51.372958-03	\N
10	105	t	t	t	950.00	0.00	2	t	2017-11-09	2025-02-01	2	2025-12-21 13:19:51.309441-03	\N	\N	\N	f	2025-12-21 13:19:51.372958-03	\N
11	201	t	t	t	934.00	100.00	1	t	2022-02-07	2025-05-07	2	2025-12-21 13:19:51.309441-03	\N	\N	\N	f	2025-12-21 13:19:51.372958-03	\N
13	205	t	t	t	934.00	100.00	1	t	2019-11-27	2025-02-01	2	2025-12-21 13:19:51.309441-03	\N	\N	\N	f	2025-12-21 13:19:51.372958-03	\N
14	206	f	f	f	1200.00	100.00	2	f	\N	\N	2	2025-12-21 13:19:51.309441-03	\N	\N	\N	f	2025-12-21 13:19:51.372958-03	\N
15	101	t	t	t	1000.00	100.00	2	t	2024-07-15	2024-07-15	1	2025-12-21 13:19:51.309441-03	\N	\N	\N	f	2025-12-21 13:19:51.372958-03	\N
17	103	t	t	t	1050.00	100.00	2	t	2024-11-12	2024-11-12	1	2025-12-21 13:19:51.309441-03	\N	\N	\N	f	2025-12-21 13:19:51.372958-03	\N
20	107	t	t	t	745.00	80.00	1	t	2020-12-11	2025-02-11	1	2025-12-21 13:19:51.309441-03	\N	\N	\N	f	2025-12-21 13:19:51.372958-03	\N
21	109	t	t	t	730.00	50.00	1	t	2024-04-30	2024-04-30	1	2025-12-21 13:19:51.309441-03	\N	\N	\N	f	2025-12-21 13:19:51.372958-03	\N
22	110	t	t	t	750.00	100.00	1	t	2022-01-13	2025-01-13	1	2025-12-21 13:19:51.309441-03	\N	\N	\N	f	2025-12-21 13:19:51.372958-03	\N
25	114	t	t	t	630.00	80.00	1	t	2024-06-11	2024-06-11	1	2025-12-21 13:19:51.309441-03	\N	\N	\N	f	2025-12-21 13:19:51.372958-03	\N
26	116	t	t	t	745.00	80.00	1	t	2023-09-09	2025-02-01	1	2025-12-21 13:19:51.309441-03	\N	\N	\N	f	2025-12-21 13:19:51.372958-03	\N
27	117	t	t	t	730.00	100.00	1	t	2024-05-27	2025-05-27	1	2025-12-21 13:19:51.309441-03	\N	\N	\N	f	2025-12-21 13:19:51.372958-03	\N
28	118	t	t	t	630.00	80.00	1	t	2024-04-21	2025-04-21	1	2025-12-21 13:19:51.309441-03	\N	\N	\N	f	2025-12-21 13:19:51.372958-03	\N
31	202	t	t	t	950.00	100.00	2	t	2024-06-01	2024-06-01	1	2025-12-21 13:19:51.309441-03	\N	\N	\N	f	2025-12-21 13:19:51.372958-03	\N
33	205	t	t	t	934.00	100.00	1	t	2022-05-15	2025-05-15	1	2025-12-21 13:19:51.309441-03	\N	\N	\N	f	2025-12-21 13:19:51.372958-03	\N
34	206	t	t	t	750.00	100.00	1	t	2024-07-30	2020-07-30	1	2025-12-21 13:19:51.309441-03	\N	\N	\N	f	2025-12-21 13:19:51.372958-03	\N
35	207	t	t	t	1000.00	100.00	2	t	2024-07-28	2024-07-28	1	2025-12-21 13:19:51.309441-03	\N	\N	\N	f	2025-12-21 13:19:51.372958-03	\N
37	210	t	t	t	860.00	100.00	1	t	2024-02-18	2025-02-18	1	2025-12-21 13:19:51.309441-03	\N	\N	\N	f	2025-12-21 13:19:51.372958-03	\N
40	213	t	t	t	860.00	100.00	1	t	2024-10-15	2024-10-15	1	2025-12-21 13:19:51.309441-03	\N	\N	\N	f	2025-12-21 13:19:51.372958-03	\N
41	214	f	f	f	860.00	100.00	1	f	\N	2025-03-01	1	2025-12-21 13:19:51.309441-03	\N	\N	\N	f	2025-12-21 13:19:51.372958-03	\N
43	100	t	f	f	1300.00	100.00	2	t	2025-03-22	2025-03-22	2	2025-12-21 13:19:51.309441-03	\N	\N	\N	f	2025-12-21 13:19:51.372958-03	\N
29	200	t	t	t	1300.00	100.00	2	t	2025-02-24	2025-04-27	1	2025-12-21 13:19:51.309441-03	\N	\N	\N	f	2025-12-21 13:19:51.372958-03	\N
3	202	t	f	f	1200.00	100.00	2	t	2023-07-30	2025-04-27	2	2025-12-21 13:19:51.309441-03	\N	\N	\N	f	2025-12-21 13:19:51.372958-03	\N
39	212	t	t	t	900.00	100.00	2	f	2024-08-27	2024-08-27	1	2025-12-21 13:19:51.309441-03	\N	\N	\N	f	2025-12-21 13:19:51.372958-03	\N
18	104	t	t	t	1100.00	100.00	2	t	2020-02-10	2024-11-01	1	2025-12-21 13:19:51.309441-03	\N	\N	\N	f	2025-12-21 13:19:51.372958-03	\N
42	108	t	t	t	810.00	100.00	1	t	2024-10-28	2025-11-20	1	2025-12-21 13:19:51.309441-03	\N	\N	\N	f	2025-12-21 13:19:51.372958-03	\N
19	105	t	t	t	1100.00	100.00	1	t	2024-10-24	2025-11-20	1	2025-12-21 13:19:51.309441-03	\N	\N	\N	f	2025-12-21 13:19:51.372958-03	\N
23	111	t	t	t	890.00	100.00	2	t	2024-09-25	2025-11-20	1	2025-12-21 13:19:51.309441-03	\N	\N	\N	f	2025-12-21 13:19:51.372958-03	\N
24	112	t	t	t	934.00	100.00	2	t	2023-10-18	2025-11-20	1	2025-12-21 13:19:51.309441-03	\N	\N	\N	f	2025-12-21 13:19:51.372958-03	\N
30	201	t	t	t	1045.00	100.00	2	t	2024-08-30	2025-11-20	1	2025-12-21 13:19:51.309441-03	\N	\N	\N	f	2025-12-21 13:19:51.372958-03	\N
32	203	f	f	f	1400.00	100.00	2	f	2024-10-14	2025-11-20	1	2025-12-21 13:19:51.309441-03	\N	\N	\N	f	2025-12-21 13:19:51.372958-03	\N
38	211	t	t	t	892.00	100.00	1	t	2024-08-27	2025-11-20	1	2025-12-21 13:19:51.309441-03	\N	\N	\N	f	2025-12-21 13:19:51.372958-03	\N
5	204	t	f	f	1400.00	100.00	2	t	2024-11-07	2025-11-20	2	2025-12-21 13:19:51.309441-03	\N	\N	\N	f	2025-12-21 13:19:51.372958-03	\N
36	209	t	t	t	860.00	100.00	1	t	2024-03-15	2025-03-15	1	2025-12-21 13:19:51.309441-03	\N	\N	\N	f	2025-12-21 13:19:51.372958-03	\N
12	203	t	t	t	1300.00	100.00	1	t	2022-03-29	2026-01-01	2	2025-12-21 13:19:51.309441-03	\N	\N	\N	f	2025-12-21 13:19:51.372958-03	\N
16	102	t	t	t	1200.00	100.00	2	t	2024-10-17	2024-10-17	1	2025-12-21 13:19:51.309441-03	\N	\N	\N	f	2025-12-21 13:19:51.372958-03	\N
\.


--
-- Data for Name: core_apartment_furnitures; Type: TABLE DATA; Schema: public; Owner: -
--

COPY public.core_apartment_furnitures (id, apartment_id, furniture_id) FROM stdin;
1	1	1
2	1	2
3	1	3
4	1	4
5	1	5
6	1	6
7	1	7
8	1	8
9	1	9
12	2	1
13	2	2
14	2	3
15	2	4
16	2	5
17	2	6
18	2	7
19	2	8
20	2	10
21	2	11
22	3	1
23	3	2
24	3	3
25	3	5
26	3	6
27	3	7
28	3	8
29	3	9
30	3	10
31	3	11
32	3	12
33	3	13
34	4	1
35	4	3
36	4	5
37	4	8
38	4	10
39	4	11
40	4	12
41	4	14
42	4	15
43	4	16
44	5	1
45	5	2
46	5	3
47	5	4
48	5	5
49	5	6
50	5	7
51	5	8
52	5	9
53	5	10
54	5	11
55	5	13
56	6	1
57	6	2
58	6	3
59	6	4
60	6	5
61	6	6
62	6	7
63	6	8
64	6	10
65	6	11
66	6	17
67	7	1
68	7	2
69	7	3
70	7	5
71	7	6
72	7	8
73	7	11
74	7	13
75	7	16
76	8	1
77	8	2
78	8	3
79	8	4
80	8	5
81	8	6
82	8	7
83	8	8
84	8	10
85	8	11
86	9	1
87	9	2
88	9	3
89	9	4
90	9	5
91	9	6
92	9	9
93	9	11
94	9	16
95	9	18
96	9	19
97	10	1
98	10	2
99	10	3
100	10	4
101	10	5
102	10	6
103	10	7
104	10	10
105	11	1
106	11	2
107	11	3
108	11	5
109	11	6
110	11	7
111	11	10
112	11	11
113	12	1
114	12	2
115	12	3
116	12	4
117	12	5
118	12	6
119	12	7
120	12	8
121	12	9
122	12	10
123	12	11
124	12	13
125	12	18
126	13	1
127	13	2
128	13	3
129	13	4
130	13	5
131	13	6
132	13	7
133	13	8
134	13	10
135	13	11
136	14	1
137	14	3
138	14	5
139	14	6
140	14	7
141	14	8
142	14	9
143	14	10
144	14	11
145	14	19
146	14	20
147	14	21
148	15	1
149	15	2
150	15	3
151	15	4
152	15	5
153	15	6
154	15	7
155	15	8
156	15	10
157	15	11
158	15	19
159	15	22
160	16	1
161	16	3
162	16	4
163	16	6
164	16	7
165	16	8
166	16	9
167	16	10
168	16	11
169	16	23
170	16	24
171	16	25
172	17	1
173	17	2
174	17	3
175	17	4
176	17	5
177	17	6
178	17	7
179	17	8
180	17	10
181	17	11
182	18	1
183	18	3
184	18	5
185	18	6
186	18	7
187	18	8
188	18	10
189	18	11
190	18	12
191	18	13
192	18	23
193	19	1
194	19	3
195	19	4
196	19	5
197	19	6
198	19	7
199	19	8
200	19	9
201	19	10
202	19	11
203	19	17
204	19	23
205	20	1
206	20	2
207	20	3
208	20	5
209	20	8
210	20	10
211	20	11
212	20	16
213	21	1
214	21	3
215	21	5
216	21	6
217	21	8
218	21	10
219	21	11
220	21	16
221	21	18
222	21	27
223	22	1
224	22	2
225	22	3
226	22	5
227	22	6
228	22	10
229	22	11
230	22	16
231	23	1
232	23	3
233	23	5
234	23	6
235	23	7
236	23	8
237	23	10
238	23	11
239	23	13
240	23	23
241	23	28
242	24	1
243	24	2
244	24	3
245	24	5
246	24	6
247	24	7
248	24	8
249	24	10
250	24	11
251	24	12
252	25	1
253	25	2
254	25	3
255	25	5
256	25	6
257	25	8
258	25	11
259	25	16
260	25	19
261	26	1
262	26	2
263	26	3
264	26	5
265	26	6
266	26	11
267	26	16
268	27	1
269	27	3
270	27	5
271	27	6
272	27	8
273	27	9
274	27	10
275	27	11
276	27	18
277	27	19
278	27	29
279	28	3
280	28	6
281	28	8
282	28	11
283	28	14
284	28	19
285	28	30
286	28	31
287	29	32
288	29	1
289	29	34
290	29	3
291	29	35
292	29	6
293	29	8
294	29	10
295	29	11
296	29	13
297	29	25
298	29	28
299	30	1
300	30	3
301	30	35
302	30	36
303	30	6
304	30	8
305	30	10
306	30	11
307	30	12
308	30	13
309	30	23
310	31	1
311	31	2
312	31	3
313	31	5
314	31	6
315	31	7
316	31	8
317	31	9
318	31	10
319	31	11
320	31	12
321	31	18
322	31	19
323	32	1
324	32	3
325	32	35
326	32	5
327	32	6
328	32	37
329	32	8
330	32	38
331	32	10
332	32	11
333	32	12
334	32	23
335	32	28
336	33	1
337	33	2
338	33	3
339	33	4
340	33	5
341	33	6
342	33	7
343	33	8
344	33	10
345	33	11
346	34	1
347	34	3
348	34	5
349	34	8
350	34	9
351	34	10
352	34	11
353	34	27
354	35	1
355	35	3
356	35	4
357	35	5
358	35	6
359	35	39
360	35	8
361	35	9
362	35	10
363	35	11
364	35	19
365	36	1
366	36	2
367	36	3
368	36	4
369	36	5
370	36	6
371	36	7
372	36	8
373	36	10
374	36	11
375	37	1
376	37	2
377	37	3
378	37	5
379	37	7
380	37	10
381	37	11
382	38	1
383	38	3
384	38	4
385	38	5
386	38	6
387	38	7
388	38	8
389	38	9
390	38	10
391	38	11
392	38	19
393	38	27
394	39	1
395	39	3
396	39	6
397	39	7
398	39	8
399	39	9
400	39	10
401	39	11
402	39	12
403	39	19
404	39	23
405	40	32
406	40	1
407	40	3
408	40	5
409	40	6
410	40	7
411	40	8
412	40	9
413	40	10
414	40	11
415	40	12
416	40	13
417	40	40
418	41	1
419	41	2
420	41	3
421	41	5
422	41	6
423	41	7
424	41	8
425	41	12
426	41	19
427	42	1
429	42	3
430	42	5
431	42	6
433	42	19
434	42	32
435	42	41
436	43	1
437	43	2
438	43	3
439	43	4
440	43	5
441	43	6
442	43	35
443	43	8
444	43	10
445	43	11
446	39	25
\.


--
-- Data for Name: core_building; Type: TABLE DATA; Schema: public; Owner: -
--

COPY public.core_building (id, street_number, name, address, created_at, created_by_id, deleted_at, deleted_by_id, is_deleted, updated_at, updated_by_id) FROM stdin;
1	836	Condomínio Steinmetz	Av. Circular 836	2025-12-21 13:19:51.387958-03	\N	\N	\N	f	2025-12-21 13:19:51.439957-03	\N
2	850	Condomínio Bielavicius	Av. Circular 850	2025-12-21 13:19:51.387958-03	\N	\N	\N	f	2025-12-21 13:19:51.439957-03	\N
\.


--
-- Data for Name: core_dependent; Type: TABLE DATA; Schema: public; Owner: -
--

COPY public.core_dependent (id, name, phone, tenant_id, created_at, created_by_id, deleted_at, deleted_by_id, is_deleted, updated_at, updated_by_id) FROM stdin;
1	Vanessa Baia	(92) 98425-5480	1	2025-12-21 13:19:51.45996-03	\N	\N	\N	f	2025-12-21 13:19:51.51947-03	\N
2	Rafael Farias	(51) 99142-3261	28	2025-12-21 13:19:51.45996-03	\N	\N	\N	f	2025-12-21 13:19:51.51947-03	\N
\.


--
-- Data for Name: core_furniture; Type: TABLE DATA; Schema: public; Owner: -
--

COPY public.core_furniture (id, name, description, created_at, created_by_id, deleted_at, deleted_by_id, is_deleted, updated_at, updated_by_id) FROM stdin;
1	Fogão		2025-12-21 13:19:51.535468-03	\N	\N	\N	f	2025-12-21 13:19:51.628017-03	\N
2	Mesa com cadeiras		2025-12-21 13:19:51.535468-03	\N	\N	\N	f	2025-12-21 13:19:51.628017-03	\N
3	Armário de Cozinha		2025-12-21 13:19:51.535468-03	\N	\N	\N	f	2025-12-21 13:19:51.628017-03	\N
4	1 Sofá		2025-12-21 13:19:51.535468-03	\N	\N	\N	f	2025-12-21 13:19:51.628017-03	\N
5	Geladeira		2025-12-21 13:19:51.535468-03	\N	\N	\N	f	2025-12-21 13:19:51.628017-03	\N
6	Roupeiro		2025-12-21 13:19:51.535468-03	\N	\N	\N	f	2025-12-21 13:19:51.628017-03	\N
7	Cama de casal com colchão		2025-12-21 13:19:51.535468-03	\N	\N	\N	f	2025-12-21 13:19:51.628017-03	\N
8	Chuveiro		2025-12-21 13:19:51.535468-03	\N	\N	\N	f	2025-12-21 13:19:51.628017-03	\N
9	1 Rack		2025-12-21 13:19:51.535468-03	\N	\N	\N	f	2025-12-21 13:19:51.628017-03	\N
10	Máquina de lavar roupas		2025-12-21 13:19:51.535468-03	\N	\N	\N	f	2025-12-21 13:19:51.628017-03	\N
11	Botijão de gás		2025-12-21 13:19:51.535468-03	\N	\N	\N	f	2025-12-21 13:19:51.628017-03	\N
12	1 Poltrona		2025-12-21 13:19:51.535468-03	\N	\N	\N	f	2025-12-21 13:19:51.628017-03	\N
13	1 cortina blackout		2025-12-21 13:19:51.535468-03	\N	\N	\N	f	2025-12-21 13:19:51.628017-03	\N
14	Mesa com 1 cadeira		2025-12-21 13:19:51.535468-03	\N	\N	\N	f	2025-12-21 13:19:51.628017-03	\N
15	1 Cortina		2025-12-21 13:19:51.535468-03	\N	\N	\N	f	2025-12-21 13:19:51.628017-03	\N
16	Cama de solteiro com colchão		2025-12-21 13:19:51.535468-03	\N	\N	\N	f	2025-12-21 13:19:51.628017-03	\N
17	2 cortinas blackout		2025-12-21 13:19:51.535468-03	\N	\N	\N	f	2025-12-21 13:19:51.628017-03	\N
18	Armário Aéreo		2025-12-21 13:19:51.535468-03	\N	\N	\N	f	2025-12-21 13:19:51.628017-03	\N
19	Cortinas		2025-12-21 13:19:51.535468-03	\N	\N	\N	f	2025-12-21 13:19:51.628017-03	\N
20	Mesa com 4 cadeiras		2025-12-21 13:19:51.535468-03	\N	\N	\N	f	2025-12-21 13:19:51.628017-03	\N
21	2 Poltronas		2025-12-21 13:19:51.535468-03	\N	\N	\N	f	2025-12-21 13:19:51.628017-03	\N
22	Escrivaninha com cadeira		2025-12-21 13:19:51.535468-03	\N	\N	\N	f	2025-12-21 13:19:51.628017-03	\N
23	Mesa com 2 cadeiras		2025-12-21 13:19:51.535468-03	\N	\N	\N	f	2025-12-21 13:19:51.628017-03	\N
24	2 Cortinas		2025-12-21 13:19:51.535468-03	\N	\N	\N	f	2025-12-21 13:19:51.628017-03	\N
25	Geladeira Duplex		2025-12-21 13:19:51.535468-03	\N	\N	\N	f	2025-12-21 13:19:51.628017-03	\N
26	Cama de solteiro sem colchão		2025-12-21 13:19:51.535468-03	\N	\N	\N	f	2025-12-21 13:19:51.628017-03	\N
27	Mesa com 1 Banqueta		2025-12-21 13:19:51.535468-03	\N	\N	\N	f	2025-12-21 13:19:51.628017-03	\N
28	Cômoda		2025-12-21 13:19:51.535468-03	\N	\N	\N	f	2025-12-21 13:19:51.628017-03	\N
29	Mesa com Banquetas		2025-12-21 13:19:51.535468-03	\N	\N	\N	f	2025-12-21 13:19:51.628017-03	\N
30	Fogão de mesa		2025-12-21 13:19:51.535468-03	\N	\N	\N	f	2025-12-21 13:19:51.628017-03	\N
31	Frigobar		2025-12-21 13:19:51.535468-03	\N	\N	\N	f	2025-12-21 13:19:51.628017-03	\N
32	Mesa com 2 Banquetas		2025-12-21 13:19:51.535468-03	\N	\N	\N	f	2025-12-21 13:19:51.628017-03	\N
33	1 Sofá Cama		2025-12-21 13:19:51.535468-03	\N	\N	\N	f	2025-12-21 13:19:51.628017-03	\N
34	Escrivaninha		2025-12-21 13:19:51.535468-03	\N	\N	\N	f	2025-12-21 13:19:51.628017-03	\N
35	Cama de casal baú com colchão		2025-12-21 13:19:51.535468-03	\N	\N	\N	f	2025-12-21 13:19:51.628017-03	\N
36	Armário de canto		2025-12-21 13:19:51.535468-03	\N	\N	\N	f	2025-12-21 13:19:51.628017-03	\N
37	4 cortinas blackout		2025-12-21 13:19:51.535468-03	\N	\N	\N	f	2025-12-21 13:19:51.628017-03	\N
38	1 Luminária		2025-12-21 13:19:51.535468-03	\N	\N	\N	f	2025-12-21 13:19:51.628017-03	\N
39	Mesa com 3 cadeiras		2025-12-21 13:19:51.535468-03	\N	\N	\N	f	2025-12-21 13:19:51.628017-03	\N
40	Armário multiuso		2025-12-21 13:19:51.535468-03	\N	\N	\N	f	2025-12-21 13:19:51.628017-03	\N
41	Cama baú de solteiro com colchão		2025-12-21 13:19:51.535468-03	\N	\N	\N	f	2025-12-21 13:19:51.628017-03	\N
\.


--
-- Data for Name: core_lease; Type: TABLE DATA; Schema: public; Owner: -
--

COPY public.core_lease (id, start_date, validity_months, due_day, rental_value, cleaning_fee, tag_fee, contract_generated, contract_signed, interfone_configured, warning_count, apartment_id, responsible_tenant_id, number_of_tenants, created_at, created_by_id, deleted_at, deleted_by_id, is_deleted, updated_at, updated_by_id) FROM stdin;
42	2023-07-30	12	30	1200.00	100.00	80.00	t	f	t	0	3	28	2	2025-12-21 13:19:51.647193-03	\N	\N	\N	f	2025-12-21 13:19:51.697775-03	\N
43	2025-02-24	12	10	1300.00	100.00	50.00	t	f	t	0	29	3	1	2025-12-21 13:19:51.647193-03	\N	\N	\N	f	2025-12-21 13:19:51.697775-03	\N
44	2025-06-02	12	10	1000.00	100.00	50.00	t	f	f	0	2	45	1	2025-12-21 13:19:51.647193-03	\N	\N	\N	f	2025-12-21 13:19:51.697775-03	\N
18	2024-10-24	12	1	1045.00	100.00	50.00	t	t	t	0	19	18	1	2025-12-21 13:19:51.647193-03	\N	\N	\N	f	2025-12-21 13:19:51.697775-03	\N
29	2024-08-30	12	30	1045.00	100.00	50.00	t	t	t	0	30	29	1	2025-12-21 13:19:51.647193-03	\N	\N	\N	f	2025-12-21 13:19:51.697775-03	\N
8	2024-11-30	12	7	1043.00	100.00	80.00	t	t	t	0	8	8	2	2025-12-21 13:19:51.647193-03	\N	\N	\N	f	2025-12-21 13:19:51.697775-03	\N
9	2024-04-18	12	18	900.00	100.00	50.00	t	t	t	0	9	9	1	2025-12-21 13:19:51.647193-03	\N	\N	\N	f	2025-12-21 13:19:51.697775-03	\N
10	2017-11-09	12	9	950.00	100.00	80.00	t	t	t	0	10	10	2	2025-12-21 13:19:51.647193-03	\N	\N	\N	f	2025-12-21 13:19:51.697775-03	\N
11	2022-02-07	12	7	934.00	100.00	50.00	t	t	t	0	11	11	1	2025-12-21 13:19:51.647193-03	\N	\N	\N	f	2025-12-21 13:19:51.697775-03	\N
13	2019-11-27	12	1	934.00	100.00	50.00	t	t	t	0	13	13	1	2025-12-21 13:19:51.647193-03	\N	\N	\N	f	2025-12-21 13:19:51.697775-03	\N
14	2024-07-15	12	15	1000.00	100.00	50.00	t	t	t	0	15	14	1	2025-12-21 13:19:51.647193-03	\N	\N	\N	f	2025-12-21 13:19:51.697775-03	\N
16	2024-11-12	12	12	1050.00	100.00	80.00	t	t	t	0	17	16	2	2025-12-21 13:19:51.647193-03	\N	\N	\N	f	2025-12-21 13:19:51.697775-03	\N
19	2020-12-11	12	11	745.00	80.00	50.00	t	t	t	0	20	19	1	2025-12-21 13:19:51.647193-03	\N	\N	\N	f	2025-12-21 13:19:51.697775-03	\N
20	2024-04-30	12	30	730.00	80.00	50.00	t	t	t	0	21	20	1	2025-12-21 13:19:51.647193-03	\N	\N	\N	f	2025-12-21 13:19:51.697775-03	\N
21	2022-01-13	12	13	710.00	100.00	50.00	t	t	t	0	22	21	1	2025-12-21 13:19:51.647193-03	\N	\N	\N	f	2025-12-21 13:19:51.697775-03	\N
24	2024-06-11	12	11	630.00	80.00	50.00	t	t	t	0	25	24	1	2025-12-21 13:19:51.647193-03	\N	\N	\N	f	2025-12-21 13:19:51.697775-03	\N
25	2023-09-09	12	9	745.00	100.00	50.00	t	t	t	0	26	25	1	2025-12-21 13:19:51.647193-03	\N	\N	\N	f	2025-12-21 13:19:51.697775-03	\N
26	2024-05-27	12	5	760.00	100.00	50.00	t	t	t	0	27	26	1	2025-12-21 13:19:51.647193-03	\N	\N	\N	f	2025-12-21 13:19:51.697775-03	\N
27	2024-04-21	12	5	630.00	80.00	50.00	t	t	t	0	28	27	1	2025-12-21 13:19:51.647193-03	\N	\N	\N	f	2025-12-21 13:19:51.697775-03	\N
30	2024-05-01	12	1	950.00	100.00	50.00	t	t	t	0	31	30	1	2025-12-21 13:19:51.647193-03	\N	\N	\N	f	2025-12-21 13:19:51.697775-03	\N
32	2022-05-15	12	15	934.00	100.00	50.00	t	t	t	0	33	32	1	2025-12-21 13:19:51.647193-03	\N	\N	\N	f	2025-12-21 13:19:51.697775-03	\N
33	2024-07-30	12	5	750.00	100.00	50.00	t	t	t	0	34	33	1	2025-12-21 13:19:51.647193-03	\N	\N	\N	f	2025-12-21 13:19:51.697775-03	\N
35	2024-03-15	12	15	860.00	100.00	50.00	t	t	t	0	36	36	1	2025-12-21 13:19:51.647193-03	\N	\N	\N	f	2025-12-21 13:19:51.697775-03	\N
36	2024-02-18	12	18	860.00	100.00	50.00	t	t	t	0	37	37	1	2025-12-21 13:19:51.647193-03	\N	\N	\N	f	2025-12-21 13:19:51.697775-03	\N
7	2025-03-21	12	10	680.00	100.00	50.00	t	t	t	0	7	7	1	2025-12-21 13:19:51.647193-03	\N	\N	\N	f	2025-12-21 13:19:51.697775-03	\N
6	2025-04-08	12	8	1000.00	100.00	50.00	t	t	t	0	6	6	1	2025-12-21 13:19:51.647193-03	\N	\N	\N	f	2025-12-21 13:19:51.697775-03	\N
22	2024-09-25	12	25	890.00	100.00	50.00	t	t	t	0	23	22	1	2025-12-21 13:19:51.647193-03	\N	\N	\N	f	2025-12-21 13:19:51.697775-03	\N
40	2024-10-28	6	28	810.00	100.00	50.00	t	t	t	0	42	41	1	2025-12-21 13:19:51.647193-03	\N	\N	\N	f	2025-12-21 13:19:51.697775-03	\N
2	2024-11-17	12	17	1200.00	100.00	50.00	t	t	t	0	14	2	1	2025-12-21 13:19:51.647193-03	\N	\N	\N	f	2025-12-21 13:19:51.697775-03	\N
41	2025-03-22	12	10	1300.00	100.00	0.00	t	t	t	0	43	42	1	2025-12-21 13:19:51.647193-03	\N	\N	\N	f	2025-12-21 13:19:51.697775-03	\N
4	2025-03-07	12	7	750.00	100.00	50.00	t	t	t	0	4	4	1	2025-12-21 13:19:51.647193-03	\N	\N	\N	f	2025-12-21 13:19:51.697775-03	\N
15	2025-12-04	12	4	1200.00	100.00	50.00	t	f	f	0	16	54	1	2025-12-21 13:19:51.647193-03	\N	\N	\N	f	2025-12-21 13:19:51.697775-03	\N
5	2025-11-13	12	13	1400.00	100.00	80.00	t	f	f	0	5	53	2	2025-12-21 13:19:51.647193-03	\N	\N	\N	f	2025-12-21 13:19:51.697775-03	\N
37	2025-12-09	6	9	1000.00	100.00	50.00	t	f	f	0	38	55	1	2025-12-21 13:19:51.647193-03	\N	\N	\N	f	2025-12-21 13:19:51.697775-03	\N
34	2024-07-28	12	28	1000.00	100.00	80.00	t	t	t	0	35	12	1	2025-12-21 13:19:51.647193-03	\N	\N	\N	f	2025-12-21 13:19:51.697775-03	\N
31	2025-11-09	12	9	1400.00	100.00	80.00	t	f	f	0	32	50	2	2025-12-21 13:19:51.647193-03	\N	\N	\N	f	2025-12-21 13:19:51.697775-03	\N
39	2025-08-14	12	5	950.00	100.00	50.00	t	f	t	0	40	49	1	2025-12-21 13:19:51.647193-03	\N	\N	\N	f	2025-12-21 13:19:51.697775-03	\N
1	2025-07-23	12	23	1100.00	100.00	50.00	t	f	f	0	1	51	1	2025-12-21 13:19:51.647193-03	\N	\N	\N	f	2025-12-21 13:19:51.697775-03	\N
17	2025-07-29	12	29	1200.00	100.00	80.00	t	f	f	0	18	47	2	2025-12-21 13:19:51.647193-03	\N	\N	\N	f	2025-12-21 13:19:51.697775-03	\N
12	2025-06-01	12	7	1300.00	100.00	80.00	t	f	f	0	12	44	2	2025-12-21 13:19:51.647193-03	\N	\N	\N	f	2025-12-21 13:19:51.697775-03	\N
38	2025-09-01	12	1	1000.00	100.00	50.00	t	f	f	0	39	48	1	2025-12-21 13:19:51.647193-03	\N	\N	\N	f	2025-12-21 13:19:51.697775-03	\N
23	2025-09-05	12	5	1000.00	100.00	50.00	t	f	f	0	24	15	1	2025-12-21 13:19:51.647193-03	\N	\N	\N	f	2025-12-21 13:19:51.697775-03	\N
\.


--
-- Data for Name: core_lease_tenants; Type: TABLE DATA; Schema: public; Owner: -
--

COPY public.core_lease_tenants (id, lease_id, tenant_id) FROM stdin;
2	2	2
4	4	4
6	6	6
7	7	7
8	8	8
9	9	9
10	10	10
11	11	11
13	13	13
14	14	14
16	16	16
18	18	18
19	19	19
20	20	20
21	21	21
22	22	22
24	24	24
25	25	25
26	26	26
27	27	27
29	29	29
31	30	30
33	32	32
34	33	33
36	35	36
37	36	37
41	40	41
42	41	42
43	42	28
44	43	3
47	12	44
49	44	45
53	38	48
54	39	49
56	34	12
57	1	51
59	23	15
60	31	50
61	17	47
62	5	53
63	15	54
64	37	55
\.


--
-- Data for Name: core_tenant; Type: TABLE DATA; Schema: public; Owner: -
--

COPY public.core_tenant (id, name, cpf_cnpj, is_company, rg, phone, marital_status, profession, deposit_amount, cleaning_fee_paid, tag_deposit_paid, rent_due_day, user_id, created_at, created_by_id, deleted_at, deleted_by_id, is_deleted, updated_at, updated_by_id) FROM stdin;
1	Rafael Legnaghi da Silva	004.279.882-50	f	24659592	(92) 98230-9914	Solteiro	Auxiliar de Logística	\N	t	t	30	\N	2025-12-21 13:19:51.718464-03	\N	\N	\N	f	2025-12-21 13:19:51.779977-03	\N
2	Gabriela Arce Ferreira	040.806.660-12	f	2123619765	(51) 98059-5199	Solteira	Recepcionista de Hotel	\N	t	t	17	\N	2025-12-21 13:19:51.718464-03	\N	\N	\N	f	2025-12-21 13:19:51.779977-03	\N
4	Thais Santiago Ferreira Senna	051.443.010-96	f	5132596635	(51) 98121-9267	Solteira	Tecnica em Segurança do trabalho	\N	t	t	7	\N	2025-12-21 13:19:51.718464-03	\N	\N	\N	f	2025-12-21 13:19:51.779977-03	\N
5	Luiz Edgar Rosa Junior	018.573.750-17	f	01857375017	(47) 99278-3236	Solteiro	Obras/Janelas	\N	t	t	7	\N	2025-12-21 13:19:51.718464-03	\N	\N	\N	f	2025-12-21 13:19:51.779977-03	\N
6	Ezequiel Miranda Siqueira	048.191.290-82	f	9110711091	(55) 99146-2131	Solteiro	Assistente Social	\N	t	t	8	\N	2025-12-21 13:19:51.718464-03	\N	\N	\N	f	2025-12-21 13:19:51.779977-03	\N
7	Débora Eli de Oliveira Flores	032.303.160-96	f	1121244212	(51) 99765-8113	Solteira	Recepção/coleta, exames laboratoriais	\N	t	t	10	\N	2025-12-21 13:19:51.718464-03	\N	\N	\N	f	2025-12-21 13:19:51.779977-03	\N
8	Juan Yammier Rangel	707.949.162-28	f	\N	(51) 98652-5381	Solteiro	Atendente	\N	f	t	7	\N	2025-12-21 13:19:51.718464-03	\N	\N	\N	f	2025-12-21 13:19:51.779977-03	\N
9	Taiane Santiago Vincenti	052.507.070-25	f	8120866151	(51) 98468-3190	Solteiro	Auxiliar de escritório	\N	f	t	18	\N	2025-12-21 13:19:51.718464-03	\N	\N	\N	f	2025-12-21 13:19:51.779977-03	\N
10	Juarez Nunes Alves Junior	464.229.600-00	f	1034202026	(51) 98147-1932	Solteiro	Auxiliar de limpeza	1300.00	f	t	9	\N	2025-12-21 13:19:51.718464-03	\N	\N	\N	f	2025-12-21 13:19:51.779977-03	\N
11	José Ailton Martins de Freitas	872.557.850-34	f	5065301672	(51) 99605-2741	Solteiro	Aposentado	\N	t	t	7	\N	2025-12-21 13:19:51.718464-03	\N	\N	\N	f	2025-12-21 13:19:51.779977-03	\N
12	Adriana Caldas	008.490.880-70	f	\N	(51) 98139-1790	Solteiro	Auxiliar de Limpeza	\N	t	t	29	\N	2025-12-21 13:19:51.718464-03	\N	\N	\N	f	2025-12-21 13:19:51.779977-03	\N
13	Rosa Altagracia Rodrigues Olguin	602.324.300-20	f	23856643954	(51) 98031-2909	Solteiro	Manicure	\N	t	t	1	\N	2025-12-21 13:19:51.718464-03	\N	\N	\N	f	2025-12-21 13:19:51.779977-03	\N
14	Rafael Becker Kauer	010.003.350-46	f	\N	(51) 99639-5116	Solteiro	Beneficiário INSS	\N	t	t	15	\N	2025-12-21 13:19:51.718464-03	\N	\N	\N	f	2025-12-21 13:19:51.779977-03	\N
15	Lucas Alves Lima	117.941.586-85	f	\N	(34) 99163-6884	Solteiro	Analista da Telecom	\N	f	t	17	\N	2025-12-21 13:19:51.718464-03	\N	\N	\N	f	2025-12-21 13:19:51.779977-03	\N
16	Rose Elaine Costa Franco	469.799.130-34	f	8036927501	(55) 99646-3517	Solteiro	-	\N	f	t	12	\N	2025-12-21 13:19:51.718464-03	\N	\N	\N	f	2025-12-21 13:19:51.779977-03	\N
17	André Becker de Oliveira	488.807.950-15	f	1077736542	(51) 98687-5678	Casado	Aposentado	1050.00	f	t	10	\N	2025-12-21 13:19:51.718464-03	\N	\N	\N	f	2025-12-21 13:19:51.779977-03	\N
18	Bruno Oliveira Neumann	044.289.560-70	f	6126903902	(51) 99618-3759	Solteiro	Auxiliar de serviços gerais	\N	f	t	1	\N	2025-12-21 13:19:51.718464-03	\N	\N	\N	f	2025-12-21 13:19:51.779977-03	\N
19	Luis Felipe Leal	911.086.910-72	f	7046438871	(51) 99346-1895	Solteiro	Autonomo	\N	f	t	11	\N	2025-12-21 13:19:51.718464-03	\N	\N	\N	f	2025-12-21 13:19:51.779977-03	\N
20	Jailson Costa Feitoza	278.209.368-19	f	6136181945	(51) 98352-0897	Solteiro	Perito Avaliador de Imóveis	\N	f	t	30	\N	2025-12-21 13:19:51.718464-03	\N	\N	\N	f	2025-12-21 13:19:51.779977-03	\N
21	Luciano da Costa de Souza	644.300.730-15	f	5018012871	(51) 98974-2277	Solteiro	-	\N	f	t	13	\N	2025-12-21 13:19:51.718464-03	\N	\N	\N	f	2025-12-21 13:19:51.779977-03	\N
22	Gabriel Guedes Germano	041.604.290-25	f	9108342181	(51) 99203-6302	Solteiro	Auxiliar de Cozinha	\N	f	t	25	\N	2025-12-21 13:19:51.718464-03	\N	\N	\N	f	2025-12-21 13:19:51.779977-03	\N
23	Hugo Daniel Maassen	905.807.530-34	f	5003453767	(51) 99857-4597	Solteiro	Motorista	\N	f	t	7	\N	2025-12-21 13:19:51.718464-03	\N	\N	\N	f	2025-12-21 13:19:51.779977-03	\N
24	Mateus William de Matos	853.634.440-04	f	9117479296	(51) 99273-6729	Solteiro	-	\N	f	t	11	\N	2025-12-21 13:19:51.718464-03	\N	\N	\N	f	2025-12-21 13:19:51.779977-03	\N
25	Adriano Ramos	020.689.550-08	f	670211412	(51) 982439244	Solteiro	Gerente de Mercado	\N	f	t	9	\N	2025-12-21 13:19:51.718464-03	\N	\N	\N	f	2025-12-21 13:19:51.779977-03	\N
26	Matheus de Oliveira Ruas	044.789.570-29	f	\N	(47) 99680-4990	Solteiro	Auxiliar de Produção	\N	f	t	5	\N	2025-12-21 13:19:51.718464-03	\N	\N	\N	f	2025-12-21 13:19:51.779977-03	\N
27	Ederson Dornelles Meireles	803.096.319-68	f	\N	(51) 99355-9604	Solteiro	Promotor de Vendas	\N	f	t	5	\N	2025-12-21 13:19:51.718464-03	\N	\N	\N	f	2025-12-21 13:19:51.779977-03	\N
28	Beatriz Tavares Spolarovi	034.356.810-12	f	1117966414	(51) 99216-6414	Solteiro	Empregada Doméstica	\N	t	t	30	\N	2025-12-21 13:19:51.718464-03	\N	\N	\N	f	2025-12-21 13:19:51.779977-03	\N
29	Camila Corrêa Xaviar	808.352.520-00	f	\N	(51) 99328-5494	Solteiro	Corretora de Imóveis	\N	f	t	30	\N	2025-12-21 13:19:51.718464-03	\N	\N	\N	f	2025-12-21 13:19:51.779977-03	\N
30	Salomão Batista Barbosa	023.101-466-09	f	20836165	(51) 98598-6403	Solteiro	Atendente	\N	f	t	1	\N	2025-12-21 13:19:51.718464-03	\N	\N	\N	f	2025-12-21 13:19:51.779977-03	\N
31	Felipe Matheus Gatti	036.582.420-86	f	2110831175	(51) 99246-0217	Solteiro	Assistente comercial	\N	f	t	1	\N	2025-12-21 13:19:51.718464-03	\N	\N	\N	f	2025-12-21 13:19:51.779977-03	\N
32	Pedro Machado Toledo	441.023.180-53	f	8016513221	(51) 98452-4151	Divorciado	Vigia	\N	t	t	15	\N	2025-12-21 13:19:51.718464-03	\N	\N	\N	f	2025-12-21 13:19:51.779977-03	\N
33	José Carlos Kichler	038.764.090-80	f	\N	(51) 98317-4236	Solteiro	Garçom	\N	f	t	5	\N	2025-12-21 13:19:51.718464-03	\N	\N	\N	f	2025-12-21 13:19:51.779977-03	\N
34	Lucas Anselmo da Silva	102.550.434-81	f	3445752	(83) 99421-6063	Solteiro	Cozinheiro	\N	f	t	1	\N	2025-12-21 13:19:51.718464-03	\N	\N	\N	f	2025-12-21 13:19:51.779977-03	\N
35	Adelson Anselmo da Silva	060.221.444-00	f	8139346781	-	-	-	\N	f	t	1	\N	2025-12-21 13:19:51.718464-03	\N	\N	\N	f	2025-12-21 13:19:51.779977-03	\N
36	Luiz Carlos Toledo	008.273.828-98	f	\N	(51) 99879-8034	Solteiro	Aposentado	\N	f	t	15	\N	2025-12-21 13:19:51.718464-03	\N	\N	\N	f	2025-12-21 13:19:51.779977-03	\N
37	Gerson Luiz Martins de Freitas Junior	023.339.560-11	f	2103395221	(51) 98152-8821	Solteiro	Coordenador de esporte	\N	f	t	18	\N	2025-12-21 13:19:51.718464-03	\N	\N	\N	f	2025-12-21 13:19:51.779977-03	\N
38	Joaquim Garcez de Moraes Junior	329.967.487-00	f	\N	(51) 99470-3883	Casado	Médico	\N	f	t	27	\N	2025-12-21 13:19:51.718464-03	\N	\N	\N	f	2025-12-21 13:19:51.779977-03	\N
39	Helia Renata Menezes da Silva	035.695.580-02	f	6112158149	(53) 99951-5324	Solteiro	Auxiliar de departamento pessoal	\N	f	t	27	\N	2025-12-21 13:19:51.718464-03	\N	\N	\N	f	2025-12-21 13:19:51.779977-03	\N
40	Jefferson Arley Rosero Marín	706.514.282-54	f	\N	(44) 99912-9026	Solteiro	Cozinheiro	\N	f	t	860	\N	2025-12-21 13:19:51.718464-03	\N	\N	\N	f	2025-12-21 13:19:51.779977-03	\N
41	Tainá Francisca Menezes da Silveira	038.811.610-23	f	9130325393	(51) 99560-1750	Solteiro	Garçonete	\N	t	t	28	\N	2025-12-21 13:19:51.718464-03	\N	\N	\N	f	2025-12-21 13:19:51.779977-03	\N
42	Leonardo Araújo Santos	015.674.960-24	f	2100730635	(51) 99530-9344	Solteiro	Product Manager	\N	t	t	10	\N	2025-12-21 13:19:51.718464-03	\N	\N	\N	f	2025-12-21 13:19:51.779977-03	\N
3	José Antônio Soares	475.244.130-68	f	8031698601	(51)99398-4501	Solteiro	Empresário (Empresa Energia Solar)	\N	t	t	10	\N	2025-12-21 13:19:51.718464-03	\N	\N	\N	f	2025-12-21 13:19:51.779977-03	\N
43	Cristiano dos Santos Gomes	01690196084	f	5098362972	(51) 99525-5911	Solteiro	Barista	1000.00	f	f	28	\N	2025-12-21 13:19:51.718464-03	\N	\N	\N	f	2025-12-21 13:19:51.779977-03	\N
45	Fabio Luis Both	601.545.190-49	f	01174512165	981494003	Solteiro	Motorista	1000.00	t	t	10	\N	2025-12-21 13:19:51.718464-03	\N	\N	\N	f	2025-12-21 13:19:51.779977-03	\N
44	Jeferson Tome Soares	044.346.111-27	f	\N	99310-2731	Solteiro	Promotor	\N	t	t	7	\N	2025-12-21 13:19:51.718464-03	\N	\N	\N	f	2025-12-21 13:19:51.779977-03	\N
46	Kevyn Cristiano Maciel Silva	043.038.460-23	f	8110296582	99212-8337	Solteiro	Barbeiro Autônomo	\N	f	f	2	\N	2025-12-21 13:19:51.718464-03	\N	\N	\N	f	2025-12-21 13:19:51.779977-03	\N
49	Gustavo Ferraz Ribeiro	036.549.080-63	f	2119870505	(51) 98048-9747	Solteiro	Operador de máquinas	\N	t	t	5	\N	2025-12-21 13:19:51.718464-03	\N	\N	\N	f	2025-12-21 13:19:51.779977-03	\N
51	Marcos Vinicius Gomes Mafra	048.104.202-48	f	\N	(48) 99910-3080	Solteiro	Garçom	\N	t	t	23	\N	2025-12-21 13:19:51.718464-03	\N	\N	\N	f	2025-12-21 13:19:51.779977-03	\N
52	Makyson Rodrigues Pereira	042.004.502-32	f	7899711	(51) 98914-4688	Solteiro	Garçom	\N	t	t	23	\N	2025-12-21 13:19:51.718464-03	\N	\N	\N	f	2025-12-21 13:19:51.779977-03	\N
48	Franciele farias dos Santos	032.356.060-17	f	5116421917	(51) 99165-0991	Solteiro(a)	Assistente administrativo	\N	t	t	1	\N	2025-12-21 13:19:51.718464-03	\N	\N	\N	f	2025-12-21 13:19:51.779977-03	\N
53	Érica Mendes Siqueira	601.366.230-42	f	5135207099	(51) 985610664	Solteiro(a)	Recepcionista	\N	t	t	13	\N	2025-12-21 13:19:51.718464-03	\N	\N	\N	f	2025-12-21 13:19:51.779977-03	\N
54	Isadora Fontanella Rodrigues	038.391.780-88	f	\N	(55) 99921-3456	Solteiro(a)	Consultor de Vendas	\N	t	t	4	\N	2025-12-21 13:19:51.718464-03	\N	\N	\N	f	2025-12-21 13:19:51.779977-03	\N
55	Felipe Régis Freitas Vieira	105.134.967-26	f	\N	(21) 99220-5341	Casado(a)	Autonomo	1000.00	t	t	9	\N	2025-12-21 13:19:51.718464-03	\N	\N	\N	f	2025-12-21 13:19:51.779977-03	\N
50	Alexandre Mendonça Tonaizer	895.676.170-15	f	7974747	(51) 980132447	Solteiro(a)	Barbeiro e cabelereiro	1400.00	t	t	1	\N	2025-12-21 13:19:51.718464-03	\N	\N	\N	f	2025-12-21 13:19:51.779977-03	\N
47	Norbetzi Del Carmen Martínez Flores	066.486.077.00	f	\N	(24) 99940-3227	Solteiro(a)	Professora de Música	\N	t	t	29	\N	2025-12-21 13:19:51.718464-03	\N	\N	\N	f	2025-12-21 13:19:51.779977-03	\N
\.


--
-- Data for Name: core_tenant_furnitures; Type: TABLE DATA; Schema: public; Owner: -
--

COPY public.core_tenant_furnitures (id, tenant_id, furniture_id) FROM stdin;
1	1	7
2	2	6
3	37	11
5	47	7
6	47	1
\.


--
-- Data for Name: django_admin_log; Type: TABLE DATA; Schema: public; Owner: -
--

COPY public.django_admin_log (id, action_time, object_id, object_repr, action_flag, change_message, content_type_id, user_id) FROM stdin;
198	2025-06-04 20:18:45.484139-03	44	Gisele Dias Py	1	[{"added": {}}]	10	3
199	2025-06-04 20:20:10.449925-03	23	Locação do Apto 112 - 836	2	[{"changed": {"fields": ["Responsible tenant", "Tenants", "Start date", "Due day", "Rental value", "Contract generated", "Contract signed"]}}]	11	3
200	2025-06-04 20:21:08.524003-03	12	Locação do Apto 203 - 850	2	[{"changed": {"fields": ["Responsible tenant", "Tenants", "Number of tenants", "Start date", "Due day", "Rental value", "Tag fee", "Contract generated", "Contract signed", "Interfone configured"]}}]	11	3
201	2025-06-04 20:22:58.261888-03	1	Locação do Apto 113 - 836	2	[{"changed": {"fields": ["Responsible tenant", "Tenants", "Start date", "Validity months", "Due day", "Rental value", "Tag fee", "Contract generated", "Contract signed"]}}]	11	3
202	2025-06-04 20:26:59.627541-03	45	Fabio Luis Both	1	[{"added": {}}]	10	3
203	2025-06-04 20:28:30.491972-03	44	Locação do Apto 204 - 836	2	[{"changed": {"fields": ["Responsible tenant", "Tenants", "Start date", "Due day", "Contract generated"]}}]	11	3
204	2025-06-04 21:03:22.295276-03	44	Jeferson Tome Soares	2	[{"changed": {"fields": ["Name", "Cpf cnpj", "Rg", "Marital status", "Profession"]}}]	10	3
205	2025-06-04 22:11:47.757292-03	46	Kevyn Cristiano Maciel Silva	1	[{"added": {}}]	10	3
206	2025-06-04 22:13:35.406834-03	39	Locação do Apto 213 - 836	2	[{"changed": {"fields": ["Responsible tenant", "Tenants", "Start date", "Due day", "Rental value", "Contract generated", "Contract signed"]}}]	11	3
207	2025-09-21 16:24:37.943612-03	47	Norbetzi Del Carmen Martínez Flores	1	[{"added": {}}]	10	3
208	2025-09-21 16:25:38.535888-03	38	Locação do Apto 212 - 836	2	[{"changed": {"fields": ["Responsible tenant", "Tenants", "Number of tenants", "Start date", "Due day", "Rental value", "Contract generated", "Contract signed"]}}]	11	3
209	2025-09-21 16:28:34.240007-03	48	Franciele farias dos Santos	1	[{"added": {}}]	10	3
210	2025-09-21 16:32:20.944723-03	15	Locação do Apto 102 - 836	2	[{"changed": {"fields": ["Responsible tenant", "Tenants", "Start date", "Due day", "Rental value", "Contract generated", "Contract signed"]}}]	11	3
211	2025-09-21 16:32:40.865676-03	38	Locação do Apto 212 - 836	2	[{"changed": {"fields": ["Responsible tenant", "Tenants"]}}]	11	3
212	2025-09-21 16:34:11.309309-03	49	Gustavo Ferraz Ribeiro	1	[{"added": {}}]	10	3
213	2025-09-21 16:35:07.559225-03	39	Locação do Apto 213 - 836	2	[{"changed": {"fields": ["Responsible tenant", "Tenants", "Start date", "Due day", "Rental value", "Contract generated"]}}]	11	3
214	2025-09-21 21:58:19.261381-03	50	Alexandre Mendonça Tonaizer	1	[{"added": {}}]	10	3
215	2025-09-21 21:59:16.167166-03	23	Locação do Apto 112 - 836	2	[{"changed": {"fields": ["Tenants", "Number of tenants", "Start date", "Due day", "Rental value", "Tag fee", "Contract generated"]}}]	11	3
216	2025-09-21 21:59:43.34131-03	23	Locação do Apto 112 - 836	2	[{"changed": {"fields": ["Responsible tenant"]}}]	11	3
217	2025-09-21 22:00:35.648932-03	34	Locação do Apto 207 - 836	2	[{"changed": {"fields": ["Responsible tenant", "Tenants", "Number of tenants"]}}]	11	3
218	2025-09-22 14:48:57.211636-03	51	Marcos Vinicius Gomes Mafra	1	[{"added": {}}]	10	3
219	2025-09-22 14:50:24.456233-03	52	Makyson Vinicius Gomes Mafra	1	[{"added": {}}]	10	3
220	2025-09-22 14:51:12.820548-03	1	Locação do Apto 113 - 836	2	[{"changed": {"fields": ["Responsible tenant", "Tenants", "Number of tenants", "Start date", "Rental value", "Contract generated", "Interfone configured"]}}]	11	3
221	2025-09-22 14:51:43.37823-03	17	Locação do Apto 104 - 836	2	[{"changed": {"fields": ["Responsible tenant", "Tenants", "Number of tenants", "Rental value", "Contract generated", "Contract signed", "Interfone configured"]}}]	11	3
222	2025-09-22 14:53:33.591444-03	47	Norbetzi Del Carmen Martínez Flores	2	[{"changed": {"fields": ["Furnitures"]}}]	10	3
223	2025-09-22 14:53:52.822029-03	47	Norbetzi Del Carmen Martínez Flores	2	[{"changed": {"fields": ["Furnitures"]}}]	10	3
224	2025-09-22 14:54:04.767976-03	47	Norbetzi Del Carmen Martínez Flores	2	[{"changed": {"fields": ["Furnitures"]}}]	10	3
225	2025-09-22 14:54:07.585155-03	47	Norbetzi Del Carmen Martínez Flores	2	[]	10	3
226	2025-09-22 14:55:32.324718-03	39	Apto 212 - 836	2	[{"changed": {"fields": ["Furnitures"]}}]	9	3
227	2025-10-17 13:21:04.450437-03	52	Makyson Rodrigues Pereira	2	[{"changed": {"fields": ["Name"]}}]	10	3
228	2025-10-17 13:24:41.247568-03	17	Locação do Apto 104 - 836	2	[{"changed": {"fields": ["Start date", "Contract generated"]}}]	11	3
229	2025-10-17 13:25:28.314929-03	1	Locação do Apto 113 - 836	2	[{"changed": {"fields": ["Due day", "Rental value", "Contract generated"]}}]	11	3
230	2025-10-17 13:26:30.560946-03	17	Locação do Apto 104 - 836	2	[{"changed": {"fields": ["Due day"]}}]	11	3
231	2025-10-18 15:02:30.10169-03	15	Locação do Apto 102 - 836	2	[{"changed": {"fields": ["Start date"]}}]	11	3
232	2025-10-18 16:05:23.545055-03	38	Locação do Apto 212 - 836	2	[{"changed": {"fields": ["Start date"]}}]	11	3
233	2025-11-10 18:01:10.229679-03	23	Locação do Apto 112 - 836	2	[{"changed": {"fields": ["Responsible tenant", "Tenants", "Number of tenants", "Start date", "Due day", "Rental value", "Tag fee", "Contract generated", "Interfone configured"]}}]	11	3
234	2025-11-10 18:44:05.88875-03	31	Locação do Apto 203 - 836	2	[{"changed": {"fields": ["Responsible tenant", "Tenants", "Start date", "Due day", "Rental value", "Tag fee", "Contract generated", "Contract signed", "Interfone configured"]}}]	11	3
235	2025-11-10 19:17:34.690029-03	32	Apto 203 - 836	2	[{"changed": {"fields": ["Interfone configured", "Contract generated", "Contract signed"]}}]	9	3
236	2025-11-10 19:26:47.624185-03	31	Locação do Apto 203 - 836	2	[{"changed": {"fields": ["Number of tenants"]}}]	11	3
237	2025-11-20 13:20:24.586886-03	37	Locação do Apto 211 - 836	2	[{"changed": {"fields": ["Rental value"]}}]	11	3
238	2025-11-20 13:21:14.846739-03	38	Apto 211 - 836	2	[{"changed": {"fields": ["Rental value"]}}]	9	3
239	2025-11-20 13:21:58.837103-03	18	Locação do Apto 105 - 836	2	[{"changed": {"fields": ["Rental value"]}}]	11	3
240	2025-11-20 13:22:15.500723-03	19	Apto 105 - 836	2	[{"changed": {"fields": ["Rental value"]}}]	9	3
241	2025-11-20 13:22:41.762178-03	30	Apto 201 - 836	2	[{"changed": {"fields": ["Rental value"]}}]	9	3
242	2025-11-20 13:22:50.857912-03	29	Locação do Apto 201 - 836	2	[{"changed": {"fields": ["Rental value"]}}]	11	3
243	2025-11-20 13:23:25.676968-03	22	Locação do Apto 111 - 836	2	[{"changed": {"fields": ["Rental value"]}}]	11	3
244	2025-11-20 13:23:45.136692-03	23	Apto 111 - 836	2	[{"changed": {"fields": ["Rental value", "Last rent increase date"]}}]	9	3
245	2025-11-20 13:24:22.653004-03	18	Apto 104 - 836	2	[{"changed": {"fields": ["Rental value"]}}]	9	3
246	2025-11-20 13:25:40.315801-03	42	Apto 108 - 836	2	[{"changed": {"fields": ["Rental value"]}}]	9	3
247	2025-11-20 13:25:56.166112-03	40	Locação do Apto 108 - 836	2	[{"changed": {"fields": ["Rental value"]}}]	11	3
248	2025-11-20 13:26:02.52486-03	42	Apto 108 - 836	2	[{"changed": {"fields": ["Last rent increase date"]}}]	9	3
249	2025-11-20 13:26:15.082586-03	19	Apto 105 - 836	2	[{"changed": {"fields": ["Rental value", "Last rent increase date"]}}]	9	3
250	2025-11-20 13:26:27.859698-03	23	Apto 111 - 836	2	[]	9	3
251	2025-11-20 13:26:35.006388-03	24	Apto 112 - 836	2	[{"changed": {"fields": ["Last rent increase date"]}}]	9	3
252	2025-11-20 13:26:41.255208-03	30	Apto 201 - 836	2	[{"changed": {"fields": ["Last rent increase date"]}}]	9	3
253	2025-11-20 13:26:52.197353-03	32	Apto 203 - 836	2	[{"changed": {"fields": ["Rental value", "Last rent increase date"]}}]	9	3
254	2025-11-20 13:26:58.333866-03	38	Apto 211 - 836	2	[{"changed": {"fields": ["Last rent increase date"]}}]	9	3
255	2025-11-20 13:27:49.30389-03	5	Apto 204 - 850	2	[{"changed": {"fields": ["Rental value", "Last rent increase date"]}}]	9	3
256	2025-11-20 13:28:03.199829-03	5	Apto 204 - 850	2	[{"changed": {"fields": ["Rental value"]}}]	9	3
257	2025-11-20 13:32:37.62182-03	36	Apto 209 - 836	2	[{"changed": {"fields": ["Rental value"]}}]	9	3
258	2025-11-20 13:34:02.268952-03	12	Apto 203 - 850	2	[{"changed": {"fields": ["Rental value"]}}]	9	3
259	2025-11-20 13:44:07.182906-03	16	Apto 102 - 836	2	[{"changed": {"fields": ["Rental value"]}}]	9	3
260	2025-11-20 13:44:13.271144-03	16	Apto 102 - 836	2	[{"changed": {"fields": ["Rental value"]}}]	9	3
261	2025-12-20 23:41:05.304346-03	17	Locação do Apto 104 - 836	2	[{"changed": {"fields": ["Responsible tenant", "Tenants", "Start date", "Due day", "Rental value", "Contract generated"]}}]	11	3
262	2025-12-20 23:57:39.010722-03	53	Érica Mendes Siqueira	1	[{"added": {}}]	10	3
263	2025-12-20 23:58:43.838989-03	5	Locação do Apto 204 - 850	2	[{"changed": {"fields": ["Responsible tenant", "Tenants", "Number of tenants", "Start date", "Due day", "Rental value", "Tag fee", "Contract generated", "Contract signed", "Interfone configured"]}}]	11	3
264	2025-12-21 00:02:54.421193-03	54	Isadora Fontanella Rodrigues	1	[{"added": {}}]	10	3
265	2025-12-21 00:04:05.388897-03	15	Locação do Apto 102 - 836	2	[{"changed": {"fields": ["Responsible tenant", "Tenants", "Number of tenants", "Start date", "Due day", "Tag fee", "Contract generated", "Interfone configured"]}}]	11	3
266	2025-12-21 00:08:09.923927-03	55	Felipe Régis Freitas Vieira	1	[{"added": {}}]	10	3
267	2025-12-21 00:09:04.031209-03	37	Locação do Apto 211 - 836	2	[{"changed": {"fields": ["Responsible tenant", "Tenants", "Start date", "Validity months", "Due day", "Rental value", "Contract generated", "Contract signed", "Interfone configured"]}}]	11	3
268	2025-12-21 11:45:49.914746-03	50	Alexandre Mendonça Tonaizer	2	[{"changed": {"fields": ["Marital status", "Deposit amount"]}}]	10	3
269	2025-12-21 12:22:33.813068-03	17	Locação do Apto 104 - 836	2	[{"changed": {"fields": ["Number of tenants", "Contract generated"]}}]	11	3
270	2025-12-21 12:24:07.652059-03	47	Norbetzi Del Carmen Martínez Flores	2	[{"changed": {"fields": ["Phone", "Marital status", "Rent due day"]}}]	10	3
271	2025-12-21 12:27:02.147772-03	48	Franciele farias dos Santos	2	[{"changed": {"fields": ["Phone", "Marital status", "Cleaning fee paid", "Tag deposit paid"]}}]	10	3
272	2025-12-21 12:27:16.516938-03	47	Norbetzi Del Carmen Martínez Flores	2	[{"changed": {"fields": ["Cleaning fee paid", "Tag deposit paid"]}}]	10	3
273	2025-12-21 12:34:15.682837-03	47	Norbetzi Del Carmen Martínez Flores	2	[{"changed": {"fields": ["Tag deposit paid"]}}]	10	3
274	2025-12-21 12:46:26.789392-03	38	Locação do Apto 212 - 836	2	[{"changed": {"fields": ["Tag fee", "Contract generated", "Interfone configured"]}}]	11	3
\.


--
-- Data for Name: django_content_type; Type: TABLE DATA; Schema: public; Owner: -
--

COPY public.django_content_type (id, app_label, model) FROM stdin;
1	admin	logentry
2	auth	permission
3	auth	group
4	auth	user
5	contenttypes	contenttype
6	sessions	session
7	core	building
8	core	furniture
9	core	apartment
10	core	tenant
11	core	lease
12	core	dependent
13	sites	site
14	token_blacklist	blacklistedtoken
15	token_blacklist	outstandingtoken
16	account	emailaddress
17	account	emailconfirmation
18	socialaccount	socialaccount
19	socialaccount	socialapp
20	socialaccount	socialtoken
\.


--
-- Data for Name: django_migrations; Type: TABLE DATA; Schema: public; Owner: -
--

COPY public.django_migrations (id, app, name, applied) FROM stdin;
1	contenttypes	0001_initial	2025-04-14 18:18:10.398874-03
2	auth	0001_initial	2025-04-14 18:18:10.434711-03
3	admin	0001_initial	2025-04-14 18:18:10.445855-03
4	admin	0002_logentry_remove_auto_add	2025-04-14 18:18:10.450144-03
5	admin	0003_logentry_add_action_flag_choices	2025-04-14 18:18:10.454011-03
6	contenttypes	0002_remove_content_type_name	2025-04-14 18:18:10.462411-03
7	auth	0002_alter_permission_name_max_length	2025-04-14 18:18:10.467045-03
8	auth	0003_alter_user_email_max_length	2025-04-14 18:18:10.470942-03
9	auth	0004_alter_user_username_opts	2025-04-14 18:18:10.474832-03
10	auth	0005_alter_user_last_login_null	2025-04-14 18:18:10.479131-03
11	auth	0006_require_contenttypes_0002	2025-04-14 18:18:10.479832-03
12	auth	0007_alter_validators_add_error_messages	2025-04-14 18:18:10.486017-03
13	auth	0008_alter_user_username_max_length	2025-04-14 18:18:10.493199-03
14	auth	0009_alter_user_last_name_max_length	2025-04-14 18:18:10.49776-03
15	auth	0010_alter_group_name_max_length	2025-04-14 18:18:10.502639-03
16	auth	0011_update_proxy_permissions	2025-04-14 18:18:10.506539-03
17	auth	0012_alter_user_first_name_max_length	2025-04-14 18:18:10.510655-03
18	core	0001_initial	2025-04-14 18:18:10.563372-03
19	sessions	0001_initial	2025-04-14 18:18:10.568346-03
20	core	0002_lease_number_of_tenants	2025-04-14 18:45:33.817305-03
21	core	refactor_database	2025-10-19 16:33:34.295576-03
22	core	0001_add_validators_and_indexes	2025-10-19 16:33:34.295576-03
23	account	0001_initial	2025-10-19 16:52:08.957419-03
24	account	0002_email_max_length	2025-10-19 16:52:08.97417-03
25	account	0003_alter_emailaddress_create_unique_verified_email	2025-10-19 16:52:08.987894-03
26	account	0004_alter_emailaddress_drop_unique_email	2025-10-19 16:52:09.0174-03
27	account	0005_emailaddress_idx_upper_email	2025-10-19 16:52:09.037441-03
28	sites	0001_initial	2025-10-19 16:52:09.04147-03
29	sites	0002_alter_domain_unique	2025-10-19 16:52:09.051833-03
30	socialaccount	0001_initial	2025-10-19 16:52:09.160725-03
31	socialaccount	0002_token_max_lengths	2025-10-19 16:52:09.181519-03
32	socialaccount	0003_extra_data_default_dict	2025-10-19 16:52:09.188046-03
33	socialaccount	0004_app_provider_id_settings	2025-10-19 16:52:09.208624-03
34	socialaccount	0005_socialtoken_nullable_app	2025-10-19 16:52:09.230271-03
35	socialaccount	0006_alter_socialaccount_extra_data	2025-10-19 16:52:09.248279-03
36	token_blacklist	0001_initial	2025-10-19 16:52:09.305529-03
37	token_blacklist	0002_outstandingtoken_jti_hex	2025-10-19 16:52:09.317568-03
38	token_blacklist	0003_auto_20171017_2007	2025-10-19 16:52:09.338085-03
39	token_blacklist	0004_auto_20171017_2013	2025-10-19 16:52:09.352788-03
40	token_blacklist	0005_remove_outstandingtoken_jti	2025-10-19 16:52:09.363379-03
41	token_blacklist	0006_auto_20171017_2113	2025-10-19 16:52:09.366889-03
42	token_blacklist	0007_auto_20171017_2214	2025-10-19 16:52:09.397385-03
43	token_blacklist	0008_migrate_to_bigautofield	2025-10-19 16:52:09.454623-03
44	token_blacklist	0010_fix_migrate_to_bigautofield	2025-10-19 16:52:09.476494-03
45	token_blacklist	0011_linearizes_history	2025-10-19 16:52:09.476494-03
46	token_blacklist	0012_alter_outstandingtoken_user	2025-10-19 16:52:09.490105-03
47	core	0002_add_composite_indexes	2025-10-19 20:31:26.676645-03
48	core	0003_add_tenant_user_fk	2025-12-21 13:08:09.346697-03
49	core	0004_tenant_user	2025-12-21 13:08:09.376082-03
50	core	0005_add_audit_softdelete_mixins	2025-12-21 13:19:51.841977-03
51	core	0003_refactor_database	2025-12-22 00:08:40.589227-03
52	core	0004_add_validators_and_indexes	2025-12-22 00:08:40.864505-03
53	core	0005_add_composite_indexes	2025-12-22 18:12:57.206149-03
54	core	0006_add_tenant_user_fk	2025-12-22 18:12:57.21432-03
55	core	0007_tenant_user	2025-12-22 18:12:57.21432-03
56	core	0008_add_audit_softdelete_mixins	2025-12-22 18:12:57.21432-03
\.


--
-- Data for Name: django_session; Type: TABLE DATA; Schema: public; Owner: -
--

COPY public.django_session (session_key, session_data, expire_date) FROM stdin;
19q6x4b12fvl3mkr60fbhjoaie8jgijn	.eJxVjEEOwiAQRe_C2hCgA4JL9z0DGZhBqoYmpV0Z765NutDtf-_9l4i4rTVunZc4kbgILU6_W8L84LYDumO7zTLPbV2mJHdFHrTLcSZ-Xg_376Bir986GDDW-sJgPZIJmZJx5BRQsKWoAUIY2KAvREzq7MlrrR1oBvIlA4j3B9hCN7s:1u4UWz:-qIqDDLVifY3vUHj4MO9-pGfE845w32r6L_fWm9ZbV8	2025-04-28 21:52:05.831095-03
tgy6ttyr8pe0tq7v1hbmxzadge7qq35x	.eJxVjEEOwiAQRe_C2hCgMxRcuvcMhM4MtmpoUtqV8e7apAvd_vfef6mUt3VMW5MlTazOyqnT7zZkekjdAd9zvc2a5rou06B3RR-06evM8rwc7t_BmNv4rQUKsxCC6Qic8YAw2BAKdV6KKb30YiVaX3KkEJgJPErvgNBGwIDq_QH2cTfw:1uAuvj:6N0B0OcPWOM5H30UAGMVgepm66O5riXeWE6rLiYMYBM	2025-05-16 15:16:11.011842-03
2q8acr8uj9zkscm3lbmulo102yoa06fh	.eJxVjEEOwiAQAP_C2ZAVEMGjd99AdtmtVA0kpT0Z_25IetDrzGTeKuG2lrR1WdLM6qKsOvwywvyUOgQ_sN6bzq2uy0x6JHq3Xd8ay-u6t3-Dgr2MLfgj8RRPiOggGgCCyZqzC5C98YGzRPLOGhcoZgEmMALBe0dClp36fAHPvTeM:1uI6DZ:c4mpxLeCu3MXC121M5P6DdeLT49pmSvGS0Mv8pO-iyI	2025-06-05 10:44:17.838359-03
xnobf55ya3614i7ha28z3crw2tp5bcvk	.eJxVjEEOwiAQAP_C2ZAVEMGjd99AdtmtVA0kpT0Z_25IetDrzGTeKuG2lrR1WdLM6qKsOvwywvyUOgQ_sN6bzq2uy0x6JHq3Xd8ay-u6t3-Dgr2MLfgj8RRPiOggGgCCyZqzC5C98YGzRPLOGhcoZgEmMALBe0dClp36fAHPvTeM:1uQYfJ:dmcAhNM5cFQwcHNU3YN3m7-SHO2WwQbGRWoE-aRYo8k	2025-06-28 18:43:53.390619-03
2209plqfm8cku7geyeiktl00cx8rufu7	.eJxVjEEOwiAQAP_C2ZAVEMGjd99AdtmtVA0kpT0Z_25IetDrzGTeKuG2lrR1WdLM6qKsOvwywvyUOgQ_sN6bzq2uy0x6JHq3Xd8ay-u6t3-Dgr2MLfgj8RRPiOggGgCCyZqzC5C98YGzRPLOGhcoZgEmMALBe0dClp36fAHPvTeM:1uXfYs:d4PFm3QC8nB262rYhVUa7SEQn4k5Fmxbyo5Fm0l1QNQ	2025-07-18 09:30:38.209383-03
zsswtyfk62fzbtoes3h614lfrh4ywvt8	.eJxVjEEOwiAQAP_C2ZAVEMGjd99AdtmtVA0kpT0Z_25IetDrzGTeKuG2lrR1WdLM6qKsOvwywvyUOgQ_sN6bzq2uy0x6JHq3Xd8ay-u6t3-Dgr2MLfgj8RRPiOggGgCCyZqzC5C98YGzRPLOGhcoZgEmMALBe0dClp36fAHPvTeM:1uZH93:L9JR0TsC7yFhnSliHgg8EYgdiTvIl9eRI55_kB_LMSg	2025-07-22 19:50:37.162482-03
xgbe5n6la8ppwnq4yvxc8r4gs35onrak	.eJxVjMsOwiAQRf-FtSG8KS7d-w1kGAapGkhKuzL-uzbpQrf3nHNfLMK21rgNWuKc2ZlpdvrdEuCD2g7yHdqtc-xtXebEd4UfdPBrz_S8HO7fQYVRvzWpQB7thCClLo4SOCjeZKNQ6JInoQwqIw0FsIUEOiyeQnHKS0BUlr0__iQ4kA:1utogY:Z8bIKJ-jkgr6MxortSjS6OgMp_TAbIi2EyQxVmftwD8	2025-09-17 11:42:06.828219-03
no8g5d4zrz327pll7orljd8xmpgoiok2	.eJxVjMsOwiAQRf-FtSG8KS7d-w1kGAapGkhKuzL-uzbpQrf3nHNfLMK21rgNWuKc2ZlpdvrdEuCD2g7yHdqtc-xtXebEd4UfdPBrz_S8HO7fQYVRvzWpQB7thCClLo4SOCjeZKNQ6JInoQwqIw0FsIUEOiyeQnHKS0BUlr0__iQ4kA:1v0PcJ:Al3WJbx6fxxyWxRfFUvvjL0jFL7tWqrVxZ87PQwm_K4	2025-10-05 16:20:59.429025-03
ceca86iwg8ipudmy2yaymfp1wcbotl4e	.eJxVjMsOwiAQRf-FtSG8KS7d-w1kGAapGkhKuzL-uzbpQrf3nHNfLMK21rgNWuKc2ZlpdvrdEuCD2g7yHdqtc-xtXebEd4UfdPBrz_S8HO7fQYVRvzWpQB7thCClLo4SOCjeZKNQ6JInoQwqIw0FsIUEOiyeQnHKS0BUlr0__iQ4kA:1v6FzF:uf1wj-HJnOSvFTo2wb9hJG7JNS3l4WBsei4J1dZOLUU	2025-10-21 19:16:49.541498-03
dy9knv53mdanhpoija5nsnybmdhse9vj	.eJxVjEEOwiAQRe_C2hBaBiku3fcMZJgZpGpoUtqV8e7apAvd_vfef6mI21ri1mSJE6uLsur0uyWkh9Qd8B3rbdY013WZkt4VfdCmx5nleT3cv4OCrXzrEDiggGMHxGdMAwkQIWVPLnjI4gebDEJgy5CcN75nTyZ3lHIntlfvDxXEOP8:1vIYmW:jL0LthUBdE7ixzbeaVHclSHxjf5o2CceUEKtWZp0DmE	2025-11-24 17:46:32.943822-03
offzj8ahcw2bnqmhvqvroow1yyxeclwp	.eJxVjEEOwiAQRe_C2hBaBiku3fcMZJgZpGpoUtqV8e7apAvd_vfef6mI21ri1mSJE6uLsur0uyWkh9Qd8B3rbdY013WZkt4VfdCmx5nleT3cv4OCrXzrEDiggGMHxGdMAwkQIWVPLnjI4gebDEJgy5CcN75nTyZ3lHIntlfvDxXEOP8:1vIa12:LeDHch0dcl-aDb90cbuiss4NzY7s7G8wkpZTH45DJhE	2025-11-24 19:05:36.099598-03
ntz2j1c1mbtkxh53pezkzat2ol30snfp	.eJxVjEEOwiAQRe_C2hBaBiku3fcMZJgZpGpoUtqV8e7apAvd_vfef6mI21ri1mSJE6uLsur0uyWkh9Qd8B3rbdY013WZkt4VfdCmx5nleT3cv4OCrXzrEDiggGMHxGdMAwkQIWVPLnjI4gebDEJgy5CcN75nTyZ3lHIntlfvDxXEOP8:1vQ5pl:J-wwF1gYmFtafYQIjV2NRZtu2eh20pVmbqJvmVZ7pxQ	2025-12-15 12:29:01.913584-03
xk5dyptimfwdwpi0qwmaouad4uen8ta9	.eJxVjEEOwiAQRe_C2hBaBiku3fcMZJgZpGpoUtqV8e7apAvd_vfef6mI21ri1mSJE6uLsur0uyWkh9Qd8B3rbdY013WZkt4VfdCmx5nleT3cv4OCrXzrEDiggGMHxGdMAwkQIWVPLnjI4gebDEJgy5CcN75nTyZ3lHIntlfvDxXEOP8:1vX9LA:Mv3flogYWhVofLHC2rUqnk7-Glo1aR9UYqzQqCpdgpY	2026-01-03 23:38:36.351762-03
9nsxgievw023ahhq22s4ovw67mhthqop	.eJxVjEEOwiAQRe_C2hBaBiku3fcMZJgZpGpoUtqV8e7apAvd_vfef6mI21ri1mSJE6uLsur0uyWkh9Qd8B3rbdY013WZkt4VfdCmx5nleT3cv4OCrXzrEDiggGMHxGdMAwkQIWVPLnjI4gebDEJgy5CcN75nTyZ3lHIntlfvDxXEOP8:1vdCWE:l8EGRKvCI7FzZB4LkpvEbewJpF04LOX7aT9hoHXJ2vM	2026-01-20 16:15:02.414039-03
\.


--
-- Data for Name: django_site; Type: TABLE DATA; Schema: public; Owner: -
--

COPY public.django_site (id, domain, name) FROM stdin;
1	localhost:8000	Condominios Manager
\.


--
-- Data for Name: socialaccount_socialaccount; Type: TABLE DATA; Schema: public; Owner: -
--

COPY public.socialaccount_socialaccount (id, provider, uid, last_login, date_joined, extra_data, user_id) FROM stdin;
\.


--
-- Data for Name: socialaccount_socialapp; Type: TABLE DATA; Schema: public; Owner: -
--

COPY public.socialaccount_socialapp (id, provider, name, client_id, secret, key, provider_id, settings) FROM stdin;
\.


--
-- Data for Name: socialaccount_socialapp_sites; Type: TABLE DATA; Schema: public; Owner: -
--

COPY public.socialaccount_socialapp_sites (id, socialapp_id, site_id) FROM stdin;
\.


--
-- Data for Name: socialaccount_socialtoken; Type: TABLE DATA; Schema: public; Owner: -
--

COPY public.socialaccount_socialtoken (id, token, token_secret, expires_at, account_id, app_id) FROM stdin;
\.


--
-- Data for Name: token_blacklist_blacklistedtoken; Type: TABLE DATA; Schema: public; Owner: -
--

COPY public.token_blacklist_blacklistedtoken (id, blacklisted_at, token_id) FROM stdin;
\.


--
-- Data for Name: token_blacklist_outstandingtoken; Type: TABLE DATA; Schema: public; Owner: -
--

COPY public.token_blacklist_outstandingtoken (id, token, created_at, expires_at, user_id, jti) FROM stdin;
1	eyJhbGciOiJIUzI1NiIsInR5cCI6IkpXVCJ9.eyJ0b2tlbl90eXBlIjoicmVmcmVzaCIsImV4cCI6MTc2Mjg5ODc2MSwiaWF0IjoxNzYyODEyMzYxLCJqdGkiOiJiZjZhMDA1ZjcwMWQ0NDgyOTMwNjRkY2VmZDljMWNiNCIsInVzZXJfaWQiOjN9.B1U_qZxwKMjcE6KvS4bDF0-EK0anVdTHCTKF9Tv_mHk	2025-11-10 19:06:01.065068-03	2025-11-11 19:06:01-03	3	bf6a005f701d448293064dcefd9c1cb4
2	eyJhbGciOiJIUzI1NiIsInR5cCI6IkpXVCJ9.eyJ0b2tlbl90eXBlIjoicmVmcmVzaCIsImV4cCI6MTc2NjM3MTMwMSwiaWF0IjoxNzY2Mjg0OTAxLCJqdGkiOiJhZTkzMTZjNjUwMWQ0NjViODg1Zjc5ZmJjNjA4NmFlZSIsInVzZXJfaWQiOjN9.l9ZuoOvINTvgl3HcOiBV7EBsCmJr_gADdNz0HLjyY9s	2025-12-20 23:41:41.068533-03	2025-12-21 23:41:41-03	3	ae9316c6501d465b885f79fbc6086aee
3	eyJhbGciOiJIUzI1NiIsInR5cCI6IkpXVCJ9.eyJ0b2tlbl90eXBlIjoicmVmcmVzaCIsImV4cCI6MTc2NjQxNDkyNywiaWF0IjoxNzY2MzI4NTI3LCJqdGkiOiIxMTI4YzMyOTBmNGY0YmM4OWE5YTZkYzcwMDA0YTdmMiIsInVzZXJfaWQiOjN9.sBhxZQFrKdw3kkBpKIMn4ekmE69JOTHBlWpuypJSkzE	2025-12-21 11:48:47.253766-03	2025-12-22 11:48:47-03	3	1128c3290f4f4bc89a9a6dc70004a7f2
4	eyJhbGciOiJIUzI1NiIsInR5cCI6IkpXVCJ9.eyJ0b2tlbl90eXBlIjoicmVmcmVzaCIsImV4cCI6MTc2NjQxODY1MSwiaWF0IjoxNzY2MzMyMjUxLCJqdGkiOiIwODExNmRiMDc0MWE0ZTVkYmU4NjZkOTVlMzRiYTI4MSIsInVzZXJfaWQiOjN9.TC1v7reROkEi5Iqc7MQQ-MuCTsRC4_QZ-ws82AflLms	2025-12-21 12:50:51.184017-03	2025-12-22 12:50:51-03	3	08116db0741a4e5dbe866d95e34ba281
5	eyJhbGciOiJIUzI1NiIsInR5cCI6IkpXVCJ9.eyJ0b2tlbl90eXBlIjoicmVmcmVzaCIsImV4cCI6MTc2NjU4Nzg2NiwiaWF0IjoxNzY2NTAxNDY2LCJqdGkiOiI4MTI5MjhhZTYwNmM0NDM0YTk2MTZhMmYxNGM4YjkwMyIsInVzZXJfaWQiOjV9.wTPL_vw60VuRtl_fcwA-Bu8Fpmv5_LrTWJ_VX6UNwnE	2025-12-23 11:51:06.971657-03	2025-12-24 11:51:06-03	5	812928ae606c4434a9616a2f14c8b903
\.


--
-- Name: account_emailaddress_id_seq; Type: SEQUENCE SET; Schema: public; Owner: -
--

SELECT pg_catalog.setval('public.account_emailaddress_id_seq', 1, false);


--
-- Name: account_emailconfirmation_id_seq; Type: SEQUENCE SET; Schema: public; Owner: -
--

SELECT pg_catalog.setval('public.account_emailconfirmation_id_seq', 1, false);


--
-- Name: auth_group_id_seq; Type: SEQUENCE SET; Schema: public; Owner: -
--

SELECT pg_catalog.setval('public.auth_group_id_seq', 1, false);


--
-- Name: auth_group_permissions_id_seq; Type: SEQUENCE SET; Schema: public; Owner: -
--

SELECT pg_catalog.setval('public.auth_group_permissions_id_seq', 1, false);


--
-- Name: auth_permission_id_seq; Type: SEQUENCE SET; Schema: public; Owner: -
--

SELECT pg_catalog.setval('public.auth_permission_id_seq', 80, true);


--
-- Name: auth_user_groups_id_seq; Type: SEQUENCE SET; Schema: public; Owner: -
--

SELECT pg_catalog.setval('public.auth_user_groups_id_seq', 1, false);


--
-- Name: auth_user_id_seq; Type: SEQUENCE SET; Schema: public; Owner: -
--

SELECT pg_catalog.setval('public.auth_user_id_seq', 5, true);


--
-- Name: auth_user_user_permissions_id_seq; Type: SEQUENCE SET; Schema: public; Owner: -
--

SELECT pg_catalog.setval('public.auth_user_user_permissions_id_seq', 1, false);


--
-- Name: core_apartment_furnitures_id_seq; Type: SEQUENCE SET; Schema: public; Owner: -
--

SELECT pg_catalog.setval('public.core_apartment_furnitures_id_seq', 446, true);


--
-- Name: core_apartment_id_seq; Type: SEQUENCE SET; Schema: public; Owner: -
--

SELECT pg_catalog.setval('public.core_apartment_id_seq', 43, true);


--
-- Name: core_building_id_seq; Type: SEQUENCE SET; Schema: public; Owner: -
--

SELECT pg_catalog.setval('public.core_building_id_seq', 2, true);


--
-- Name: core_dependent_id_seq; Type: SEQUENCE SET; Schema: public; Owner: -
--

SELECT pg_catalog.setval('public.core_dependent_id_seq', 2, true);


--
-- Name: core_furniture_id_seq; Type: SEQUENCE SET; Schema: public; Owner: -
--

SELECT pg_catalog.setval('public.core_furniture_id_seq', 41, true);


--
-- Name: core_lease_id_seq; Type: SEQUENCE SET; Schema: public; Owner: -
--

SELECT pg_catalog.setval('public.core_lease_id_seq', 44, true);


--
-- Name: core_lease_tenants_id_seq; Type: SEQUENCE SET; Schema: public; Owner: -
--

SELECT pg_catalog.setval('public.core_lease_tenants_id_seq', 64, true);


--
-- Name: core_tenant_furnitures_id_seq; Type: SEQUENCE SET; Schema: public; Owner: -
--

SELECT pg_catalog.setval('public.core_tenant_furnitures_id_seq', 6, true);


--
-- Name: core_tenant_id_seq; Type: SEQUENCE SET; Schema: public; Owner: -
--

SELECT pg_catalog.setval('public.core_tenant_id_seq', 55, true);


--
-- Name: django_admin_log_id_seq; Type: SEQUENCE SET; Schema: public; Owner: -
--

SELECT pg_catalog.setval('public.django_admin_log_id_seq', 274, true);


--
-- Name: django_content_type_id_seq; Type: SEQUENCE SET; Schema: public; Owner: -
--

SELECT pg_catalog.setval('public.django_content_type_id_seq', 20, true);


--
-- Name: django_migrations_id_seq; Type: SEQUENCE SET; Schema: public; Owner: -
--

SELECT pg_catalog.setval('public.django_migrations_id_seq', 56, true);


--
-- Name: django_site_id_seq; Type: SEQUENCE SET; Schema: public; Owner: -
--

SELECT pg_catalog.setval('public.django_site_id_seq', 1, true);


--
-- Name: socialaccount_socialaccount_id_seq; Type: SEQUENCE SET; Schema: public; Owner: -
--

SELECT pg_catalog.setval('public.socialaccount_socialaccount_id_seq', 1, false);


--
-- Name: socialaccount_socialapp_id_seq; Type: SEQUENCE SET; Schema: public; Owner: -
--

SELECT pg_catalog.setval('public.socialaccount_socialapp_id_seq', 1, false);


--
-- Name: socialaccount_socialapp_sites_id_seq; Type: SEQUENCE SET; Schema: public; Owner: -
--

SELECT pg_catalog.setval('public.socialaccount_socialapp_sites_id_seq', 1, false);


--
-- Name: socialaccount_socialtoken_id_seq; Type: SEQUENCE SET; Schema: public; Owner: -
--

SELECT pg_catalog.setval('public.socialaccount_socialtoken_id_seq', 1, false);


--
-- Name: token_blacklist_blacklistedtoken_id_seq; Type: SEQUENCE SET; Schema: public; Owner: -
--

SELECT pg_catalog.setval('public.token_blacklist_blacklistedtoken_id_seq', 1, false);


--
-- Name: token_blacklist_outstandingtoken_id_seq; Type: SEQUENCE SET; Schema: public; Owner: -
--

SELECT pg_catalog.setval('public.token_blacklist_outstandingtoken_id_seq', 5, true);


--
-- Name: account_emailaddress account_emailaddress_pkey; Type: CONSTRAINT; Schema: public; Owner: -
--

ALTER TABLE ONLY public.account_emailaddress
    ADD CONSTRAINT account_emailaddress_pkey PRIMARY KEY (id);


--
-- Name: account_emailaddress account_emailaddress_user_id_email_987c8728_uniq; Type: CONSTRAINT; Schema: public; Owner: -
--

ALTER TABLE ONLY public.account_emailaddress
    ADD CONSTRAINT account_emailaddress_user_id_email_987c8728_uniq UNIQUE (user_id, email);


--
-- Name: account_emailconfirmation account_emailconfirmation_key_key; Type: CONSTRAINT; Schema: public; Owner: -
--

ALTER TABLE ONLY public.account_emailconfirmation
    ADD CONSTRAINT account_emailconfirmation_key_key UNIQUE (key);


--
-- Name: account_emailconfirmation account_emailconfirmation_pkey; Type: CONSTRAINT; Schema: public; Owner: -
--

ALTER TABLE ONLY public.account_emailconfirmation
    ADD CONSTRAINT account_emailconfirmation_pkey PRIMARY KEY (id);


--
-- Name: auth_group auth_group_name_key; Type: CONSTRAINT; Schema: public; Owner: -
--

ALTER TABLE ONLY public.auth_group
    ADD CONSTRAINT auth_group_name_key UNIQUE (name);


--
-- Name: auth_group_permissions auth_group_permissions_group_id_permission_id_0cd325b0_uniq; Type: CONSTRAINT; Schema: public; Owner: -
--

ALTER TABLE ONLY public.auth_group_permissions
    ADD CONSTRAINT auth_group_permissions_group_id_permission_id_0cd325b0_uniq UNIQUE (group_id, permission_id);


--
-- Name: auth_group_permissions auth_group_permissions_pkey; Type: CONSTRAINT; Schema: public; Owner: -
--

ALTER TABLE ONLY public.auth_group_permissions
    ADD CONSTRAINT auth_group_permissions_pkey PRIMARY KEY (id);


--
-- Name: auth_group auth_group_pkey; Type: CONSTRAINT; Schema: public; Owner: -
--

ALTER TABLE ONLY public.auth_group
    ADD CONSTRAINT auth_group_pkey PRIMARY KEY (id);


--
-- Name: auth_permission auth_permission_content_type_id_codename_01ab375a_uniq; Type: CONSTRAINT; Schema: public; Owner: -
--

ALTER TABLE ONLY public.auth_permission
    ADD CONSTRAINT auth_permission_content_type_id_codename_01ab375a_uniq UNIQUE (content_type_id, codename);


--
-- Name: auth_permission auth_permission_pkey; Type: CONSTRAINT; Schema: public; Owner: -
--

ALTER TABLE ONLY public.auth_permission
    ADD CONSTRAINT auth_permission_pkey PRIMARY KEY (id);


--
-- Name: auth_user_groups auth_user_groups_pkey; Type: CONSTRAINT; Schema: public; Owner: -
--

ALTER TABLE ONLY public.auth_user_groups
    ADD CONSTRAINT auth_user_groups_pkey PRIMARY KEY (id);


--
-- Name: auth_user_groups auth_user_groups_user_id_group_id_94350c0c_uniq; Type: CONSTRAINT; Schema: public; Owner: -
--

ALTER TABLE ONLY public.auth_user_groups
    ADD CONSTRAINT auth_user_groups_user_id_group_id_94350c0c_uniq UNIQUE (user_id, group_id);


--
-- Name: auth_user auth_user_pkey; Type: CONSTRAINT; Schema: public; Owner: -
--

ALTER TABLE ONLY public.auth_user
    ADD CONSTRAINT auth_user_pkey PRIMARY KEY (id);


--
-- Name: auth_user_user_permissions auth_user_user_permissions_pkey; Type: CONSTRAINT; Schema: public; Owner: -
--

ALTER TABLE ONLY public.auth_user_user_permissions
    ADD CONSTRAINT auth_user_user_permissions_pkey PRIMARY KEY (id);


--
-- Name: auth_user_user_permissions auth_user_user_permissions_user_id_permission_id_14a6b632_uniq; Type: CONSTRAINT; Schema: public; Owner: -
--

ALTER TABLE ONLY public.auth_user_user_permissions
    ADD CONSTRAINT auth_user_user_permissions_user_id_permission_id_14a6b632_uniq UNIQUE (user_id, permission_id);


--
-- Name: auth_user auth_user_username_key; Type: CONSTRAINT; Schema: public; Owner: -
--

ALTER TABLE ONLY public.auth_user
    ADD CONSTRAINT auth_user_username_key UNIQUE (username);


--
-- Name: core_apartment core_apartment_building_id_number_eb0e26fe_uniq; Type: CONSTRAINT; Schema: public; Owner: -
--

ALTER TABLE ONLY public.core_apartment
    ADD CONSTRAINT core_apartment_building_id_number_eb0e26fe_uniq UNIQUE (building_id, number);


--
-- Name: core_apartment_furnitures core_apartment_furniture_apartment_id_furniture_i_89520678_uniq; Type: CONSTRAINT; Schema: public; Owner: -
--

ALTER TABLE ONLY public.core_apartment_furnitures
    ADD CONSTRAINT core_apartment_furniture_apartment_id_furniture_i_89520678_uniq UNIQUE (apartment_id, furniture_id);


--
-- Name: core_apartment_furnitures core_apartment_furnitures_pkey; Type: CONSTRAINT; Schema: public; Owner: -
--

ALTER TABLE ONLY public.core_apartment_furnitures
    ADD CONSTRAINT core_apartment_furnitures_pkey PRIMARY KEY (id);


--
-- Name: core_apartment core_apartment_pkey; Type: CONSTRAINT; Schema: public; Owner: -
--

ALTER TABLE ONLY public.core_apartment
    ADD CONSTRAINT core_apartment_pkey PRIMARY KEY (id);


--
-- Name: core_building core_building_pkey; Type: CONSTRAINT; Schema: public; Owner: -
--

ALTER TABLE ONLY public.core_building
    ADD CONSTRAINT core_building_pkey PRIMARY KEY (id);


--
-- Name: core_building core_building_street_number_key; Type: CONSTRAINT; Schema: public; Owner: -
--

ALTER TABLE ONLY public.core_building
    ADD CONSTRAINT core_building_street_number_key UNIQUE (street_number);


--
-- Name: core_dependent core_dependent_pkey; Type: CONSTRAINT; Schema: public; Owner: -
--

ALTER TABLE ONLY public.core_dependent
    ADD CONSTRAINT core_dependent_pkey PRIMARY KEY (id);


--
-- Name: core_furniture core_furniture_name_key; Type: CONSTRAINT; Schema: public; Owner: -
--

ALTER TABLE ONLY public.core_furniture
    ADD CONSTRAINT core_furniture_name_key UNIQUE (name);


--
-- Name: core_furniture core_furniture_pkey; Type: CONSTRAINT; Schema: public; Owner: -
--

ALTER TABLE ONLY public.core_furniture
    ADD CONSTRAINT core_furniture_pkey PRIMARY KEY (id);


--
-- Name: core_lease core_lease_apartment_id_key; Type: CONSTRAINT; Schema: public; Owner: -
--

ALTER TABLE ONLY public.core_lease
    ADD CONSTRAINT core_lease_apartment_id_key UNIQUE (apartment_id);


--
-- Name: core_lease core_lease_pkey; Type: CONSTRAINT; Schema: public; Owner: -
--

ALTER TABLE ONLY public.core_lease
    ADD CONSTRAINT core_lease_pkey PRIMARY KEY (id);


--
-- Name: core_lease_tenants core_lease_tenants_lease_id_tenant_id_b6dc2ad7_uniq; Type: CONSTRAINT; Schema: public; Owner: -
--

ALTER TABLE ONLY public.core_lease_tenants
    ADD CONSTRAINT core_lease_tenants_lease_id_tenant_id_b6dc2ad7_uniq UNIQUE (lease_id, tenant_id);


--
-- Name: core_lease_tenants core_lease_tenants_pkey; Type: CONSTRAINT; Schema: public; Owner: -
--

ALTER TABLE ONLY public.core_lease_tenants
    ADD CONSTRAINT core_lease_tenants_pkey PRIMARY KEY (id);


--
-- Name: core_tenant core_tenant_cpf_cnpj_key; Type: CONSTRAINT; Schema: public; Owner: -
--

ALTER TABLE ONLY public.core_tenant
    ADD CONSTRAINT core_tenant_cpf_cnpj_key UNIQUE (cpf_cnpj);


--
-- Name: core_tenant_furnitures core_tenant_furnitures_pkey; Type: CONSTRAINT; Schema: public; Owner: -
--

ALTER TABLE ONLY public.core_tenant_furnitures
    ADD CONSTRAINT core_tenant_furnitures_pkey PRIMARY KEY (id);


--
-- Name: core_tenant_furnitures core_tenant_furnitures_tenant_id_furniture_id_2ca08b30_uniq; Type: CONSTRAINT; Schema: public; Owner: -
--

ALTER TABLE ONLY public.core_tenant_furnitures
    ADD CONSTRAINT core_tenant_furnitures_tenant_id_furniture_id_2ca08b30_uniq UNIQUE (tenant_id, furniture_id);


--
-- Name: core_tenant core_tenant_pkey; Type: CONSTRAINT; Schema: public; Owner: -
--

ALTER TABLE ONLY public.core_tenant
    ADD CONSTRAINT core_tenant_pkey PRIMARY KEY (id);


--
-- Name: core_tenant core_tenant_user_id_key; Type: CONSTRAINT; Schema: public; Owner: -
--

ALTER TABLE ONLY public.core_tenant
    ADD CONSTRAINT core_tenant_user_id_key UNIQUE (user_id);


--
-- Name: django_admin_log django_admin_log_pkey; Type: CONSTRAINT; Schema: public; Owner: -
--

ALTER TABLE ONLY public.django_admin_log
    ADD CONSTRAINT django_admin_log_pkey PRIMARY KEY (id);


--
-- Name: django_content_type django_content_type_app_label_model_76bd3d3b_uniq; Type: CONSTRAINT; Schema: public; Owner: -
--

ALTER TABLE ONLY public.django_content_type
    ADD CONSTRAINT django_content_type_app_label_model_76bd3d3b_uniq UNIQUE (app_label, model);


--
-- Name: django_content_type django_content_type_pkey; Type: CONSTRAINT; Schema: public; Owner: -
--

ALTER TABLE ONLY public.django_content_type
    ADD CONSTRAINT django_content_type_pkey PRIMARY KEY (id);


--
-- Name: django_migrations django_migrations_pkey; Type: CONSTRAINT; Schema: public; Owner: -
--

ALTER TABLE ONLY public.django_migrations
    ADD CONSTRAINT django_migrations_pkey PRIMARY KEY (id);


--
-- Name: django_session django_session_pkey; Type: CONSTRAINT; Schema: public; Owner: -
--

ALTER TABLE ONLY public.django_session
    ADD CONSTRAINT django_session_pkey PRIMARY KEY (session_key);


--
-- Name: django_site django_site_domain_a2e37b91_uniq; Type: CONSTRAINT; Schema: public; Owner: -
--

ALTER TABLE ONLY public.django_site
    ADD CONSTRAINT django_site_domain_a2e37b91_uniq UNIQUE (domain);


--
-- Name: django_site django_site_pkey; Type: CONSTRAINT; Schema: public; Owner: -
--

ALTER TABLE ONLY public.django_site
    ADD CONSTRAINT django_site_pkey PRIMARY KEY (id);


--
-- Name: socialaccount_socialaccount socialaccount_socialaccount_pkey; Type: CONSTRAINT; Schema: public; Owner: -
--

ALTER TABLE ONLY public.socialaccount_socialaccount
    ADD CONSTRAINT socialaccount_socialaccount_pkey PRIMARY KEY (id);


--
-- Name: socialaccount_socialaccount socialaccount_socialaccount_provider_uid_fc810c6e_uniq; Type: CONSTRAINT; Schema: public; Owner: -
--

ALTER TABLE ONLY public.socialaccount_socialaccount
    ADD CONSTRAINT socialaccount_socialaccount_provider_uid_fc810c6e_uniq UNIQUE (provider, uid);


--
-- Name: socialaccount_socialapp_sites socialaccount_socialapp__socialapp_id_site_id_71a9a768_uniq; Type: CONSTRAINT; Schema: public; Owner: -
--

ALTER TABLE ONLY public.socialaccount_socialapp_sites
    ADD CONSTRAINT socialaccount_socialapp__socialapp_id_site_id_71a9a768_uniq UNIQUE (socialapp_id, site_id);


--
-- Name: socialaccount_socialapp socialaccount_socialapp_pkey; Type: CONSTRAINT; Schema: public; Owner: -
--

ALTER TABLE ONLY public.socialaccount_socialapp
    ADD CONSTRAINT socialaccount_socialapp_pkey PRIMARY KEY (id);


--
-- Name: socialaccount_socialapp_sites socialaccount_socialapp_sites_pkey; Type: CONSTRAINT; Schema: public; Owner: -
--

ALTER TABLE ONLY public.socialaccount_socialapp_sites
    ADD CONSTRAINT socialaccount_socialapp_sites_pkey PRIMARY KEY (id);


--
-- Name: socialaccount_socialtoken socialaccount_socialtoken_app_id_account_id_fca4e0ac_uniq; Type: CONSTRAINT; Schema: public; Owner: -
--

ALTER TABLE ONLY public.socialaccount_socialtoken
    ADD CONSTRAINT socialaccount_socialtoken_app_id_account_id_fca4e0ac_uniq UNIQUE (app_id, account_id);


--
-- Name: socialaccount_socialtoken socialaccount_socialtoken_pkey; Type: CONSTRAINT; Schema: public; Owner: -
--

ALTER TABLE ONLY public.socialaccount_socialtoken
    ADD CONSTRAINT socialaccount_socialtoken_pkey PRIMARY KEY (id);


--
-- Name: token_blacklist_blacklistedtoken token_blacklist_blacklistedtoken_pkey; Type: CONSTRAINT; Schema: public; Owner: -
--

ALTER TABLE ONLY public.token_blacklist_blacklistedtoken
    ADD CONSTRAINT token_blacklist_blacklistedtoken_pkey PRIMARY KEY (id);


--
-- Name: token_blacklist_blacklistedtoken token_blacklist_blacklistedtoken_token_id_key; Type: CONSTRAINT; Schema: public; Owner: -
--

ALTER TABLE ONLY public.token_blacklist_blacklistedtoken
    ADD CONSTRAINT token_blacklist_blacklistedtoken_token_id_key UNIQUE (token_id);


--
-- Name: token_blacklist_outstandingtoken token_blacklist_outstandingtoken_jti_hex_d9bdf6f7_uniq; Type: CONSTRAINT; Schema: public; Owner: -
--

ALTER TABLE ONLY public.token_blacklist_outstandingtoken
    ADD CONSTRAINT token_blacklist_outstandingtoken_jti_hex_d9bdf6f7_uniq UNIQUE (jti);


--
-- Name: token_blacklist_outstandingtoken token_blacklist_outstandingtoken_pkey; Type: CONSTRAINT; Schema: public; Owner: -
--

ALTER TABLE ONLY public.token_blacklist_outstandingtoken
    ADD CONSTRAINT token_blacklist_outstandingtoken_pkey PRIMARY KEY (id);


--
-- Name: account_emailaddress_upper; Type: INDEX; Schema: public; Owner: -
--

CREATE INDEX account_emailaddress_upper ON public.account_emailaddress USING btree (upper((email)::text));


--
-- Name: account_emailaddress_user_id_2c513194; Type: INDEX; Schema: public; Owner: -
--

CREATE INDEX account_emailaddress_user_id_2c513194 ON public.account_emailaddress USING btree (user_id);


--
-- Name: account_emailconfirmation_email_address_id_5b7f8c58; Type: INDEX; Schema: public; Owner: -
--

CREATE INDEX account_emailconfirmation_email_address_id_5b7f8c58 ON public.account_emailconfirmation USING btree (email_address_id);


--
-- Name: account_emailconfirmation_key_f43612bd_like; Type: INDEX; Schema: public; Owner: -
--

CREATE INDEX account_emailconfirmation_key_f43612bd_like ON public.account_emailconfirmation USING btree (key varchar_pattern_ops);


--
-- Name: apt_building_number_idx; Type: INDEX; Schema: public; Owner: -
--

CREATE INDEX apt_building_number_idx ON public.core_apartment USING btree (building_id, number);


--
-- Name: apt_building_rented_idx; Type: INDEX; Schema: public; Owner: -
--

CREATE INDEX apt_building_rented_idx ON public.core_apartment USING btree (building_id, is_rented);


--
-- Name: apt_rented_value_idx; Type: INDEX; Schema: public; Owner: -
--

CREATE INDEX apt_rented_value_idx ON public.core_apartment USING btree (is_rented, rental_value);


--
-- Name: auth_group_name_a6ea08ec_like; Type: INDEX; Schema: public; Owner: -
--

CREATE INDEX auth_group_name_a6ea08ec_like ON public.auth_group USING btree (name varchar_pattern_ops);


--
-- Name: auth_group_permissions_group_id_b120cbf9; Type: INDEX; Schema: public; Owner: -
--

CREATE INDEX auth_group_permissions_group_id_b120cbf9 ON public.auth_group_permissions USING btree (group_id);


--
-- Name: auth_group_permissions_permission_id_84c5c92e; Type: INDEX; Schema: public; Owner: -
--

CREATE INDEX auth_group_permissions_permission_id_84c5c92e ON public.auth_group_permissions USING btree (permission_id);


--
-- Name: auth_permission_content_type_id_2f476e4b; Type: INDEX; Schema: public; Owner: -
--

CREATE INDEX auth_permission_content_type_id_2f476e4b ON public.auth_permission USING btree (content_type_id);


--
-- Name: auth_user_groups_group_id_97559544; Type: INDEX; Schema: public; Owner: -
--

CREATE INDEX auth_user_groups_group_id_97559544 ON public.auth_user_groups USING btree (group_id);


--
-- Name: auth_user_groups_user_id_6a12ed8b; Type: INDEX; Schema: public; Owner: -
--

CREATE INDEX auth_user_groups_user_id_6a12ed8b ON public.auth_user_groups USING btree (user_id);


--
-- Name: auth_user_user_permissions_permission_id_1fbb5f2c; Type: INDEX; Schema: public; Owner: -
--

CREATE INDEX auth_user_user_permissions_permission_id_1fbb5f2c ON public.auth_user_user_permissions USING btree (permission_id);


--
-- Name: auth_user_user_permissions_user_id_a95ead1b; Type: INDEX; Schema: public; Owner: -
--

CREATE INDEX auth_user_user_permissions_user_id_a95ead1b ON public.auth_user_user_permissions USING btree (user_id);


--
-- Name: auth_user_username_6821ab7c_like; Type: INDEX; Schema: public; Owner: -
--

CREATE INDEX auth_user_username_6821ab7c_like ON public.auth_user USING btree (username varchar_pattern_ops);


--
-- Name: core_apartment_building_id_016e1f62; Type: INDEX; Schema: public; Owner: -
--

CREATE INDEX core_apartment_building_id_016e1f62 ON public.core_apartment USING btree (building_id);


--
-- Name: core_apartment_created_by_id_63233eca; Type: INDEX; Schema: public; Owner: -
--

CREATE INDEX core_apartment_created_by_id_63233eca ON public.core_apartment USING btree (created_by_id);


--
-- Name: core_apartment_deleted_by_id_aee90fef; Type: INDEX; Schema: public; Owner: -
--

CREATE INDEX core_apartment_deleted_by_id_aee90fef ON public.core_apartment USING btree (deleted_by_id);


--
-- Name: core_apartment_furnitures_apartment_id_fbc40478; Type: INDEX; Schema: public; Owner: -
--

CREATE INDEX core_apartment_furnitures_apartment_id_fbc40478 ON public.core_apartment_furnitures USING btree (apartment_id);


--
-- Name: core_apartment_furnitures_furniture_id_a48c384f; Type: INDEX; Schema: public; Owner: -
--

CREATE INDEX core_apartment_furnitures_furniture_id_a48c384f ON public.core_apartment_furnitures USING btree (furniture_id);


--
-- Name: core_apartment_is_deleted_5e88d077; Type: INDEX; Schema: public; Owner: -
--

CREATE INDEX core_apartment_is_deleted_5e88d077 ON public.core_apartment USING btree (is_deleted);


--
-- Name: core_apartment_updated_by_id_951fb395; Type: INDEX; Schema: public; Owner: -
--

CREATE INDEX core_apartment_updated_by_id_951fb395 ON public.core_apartment USING btree (updated_by_id);


--
-- Name: core_building_created_by_id_880b4e2d; Type: INDEX; Schema: public; Owner: -
--

CREATE INDEX core_building_created_by_id_880b4e2d ON public.core_building USING btree (created_by_id);


--
-- Name: core_building_deleted_by_id_46b06a95; Type: INDEX; Schema: public; Owner: -
--

CREATE INDEX core_building_deleted_by_id_46b06a95 ON public.core_building USING btree (deleted_by_id);


--
-- Name: core_building_is_deleted_c61a5410; Type: INDEX; Schema: public; Owner: -
--

CREATE INDEX core_building_is_deleted_c61a5410 ON public.core_building USING btree (is_deleted);


--
-- Name: core_building_updated_by_id_b9061915; Type: INDEX; Schema: public; Owner: -
--

CREATE INDEX core_building_updated_by_id_b9061915 ON public.core_building USING btree (updated_by_id);


--
-- Name: core_dependent_created_by_id_1f75409f; Type: INDEX; Schema: public; Owner: -
--

CREATE INDEX core_dependent_created_by_id_1f75409f ON public.core_dependent USING btree (created_by_id);


--
-- Name: core_dependent_deleted_by_id_ce75a7cb; Type: INDEX; Schema: public; Owner: -
--

CREATE INDEX core_dependent_deleted_by_id_ce75a7cb ON public.core_dependent USING btree (deleted_by_id);


--
-- Name: core_dependent_is_deleted_d9f585ac; Type: INDEX; Schema: public; Owner: -
--

CREATE INDEX core_dependent_is_deleted_d9f585ac ON public.core_dependent USING btree (is_deleted);


--
-- Name: core_dependent_tenant_id_ebc48edd; Type: INDEX; Schema: public; Owner: -
--

CREATE INDEX core_dependent_tenant_id_ebc48edd ON public.core_dependent USING btree (tenant_id);


--
-- Name: core_dependent_updated_by_id_c4c6f044; Type: INDEX; Schema: public; Owner: -
--

CREATE INDEX core_dependent_updated_by_id_c4c6f044 ON public.core_dependent USING btree (updated_by_id);


--
-- Name: core_furniture_created_by_id_ac6fa2c3; Type: INDEX; Schema: public; Owner: -
--

CREATE INDEX core_furniture_created_by_id_ac6fa2c3 ON public.core_furniture USING btree (created_by_id);


--
-- Name: core_furniture_deleted_by_id_48e626b9; Type: INDEX; Schema: public; Owner: -
--

CREATE INDEX core_furniture_deleted_by_id_48e626b9 ON public.core_furniture USING btree (deleted_by_id);


--
-- Name: core_furniture_is_deleted_6ea2d58b; Type: INDEX; Schema: public; Owner: -
--

CREATE INDEX core_furniture_is_deleted_6ea2d58b ON public.core_furniture USING btree (is_deleted);


--
-- Name: core_furniture_name_3a0fcd18_like; Type: INDEX; Schema: public; Owner: -
--

CREATE INDEX core_furniture_name_3a0fcd18_like ON public.core_furniture USING btree (name varchar_pattern_ops);


--
-- Name: core_furniture_updated_by_id_05fc60d9; Type: INDEX; Schema: public; Owner: -
--

CREATE INDEX core_furniture_updated_by_id_05fc60d9 ON public.core_furniture USING btree (updated_by_id);


--
-- Name: core_lease_created_by_id_10d4e47a; Type: INDEX; Schema: public; Owner: -
--

CREATE INDEX core_lease_created_by_id_10d4e47a ON public.core_lease USING btree (created_by_id);


--
-- Name: core_lease_deleted_by_id_a349bea4; Type: INDEX; Schema: public; Owner: -
--

CREATE INDEX core_lease_deleted_by_id_a349bea4 ON public.core_lease USING btree (deleted_by_id);


--
-- Name: core_lease_is_deleted_3b73b647; Type: INDEX; Schema: public; Owner: -
--

CREATE INDEX core_lease_is_deleted_3b73b647 ON public.core_lease USING btree (is_deleted);


--
-- Name: core_lease_responsible_tenant_id_7048940f; Type: INDEX; Schema: public; Owner: -
--

CREATE INDEX core_lease_responsible_tenant_id_7048940f ON public.core_lease USING btree (responsible_tenant_id);


--
-- Name: core_lease_start_date_0ca440cd; Type: INDEX; Schema: public; Owner: -
--

CREATE INDEX core_lease_start_date_0ca440cd ON public.core_lease USING btree (start_date);


--
-- Name: core_lease_tenants_lease_id_4e718198; Type: INDEX; Schema: public; Owner: -
--

CREATE INDEX core_lease_tenants_lease_id_4e718198 ON public.core_lease_tenants USING btree (lease_id);


--
-- Name: core_lease_tenants_tenant_id_1fe477aa; Type: INDEX; Schema: public; Owner: -
--

CREATE INDEX core_lease_tenants_tenant_id_1fe477aa ON public.core_lease_tenants USING btree (tenant_id);


--
-- Name: core_lease_updated_by_id_837ebc4b; Type: INDEX; Schema: public; Owner: -
--

CREATE INDEX core_lease_updated_by_id_837ebc4b ON public.core_lease USING btree (updated_by_id);


--
-- Name: core_tenant_cpf_cnpj_1c2c482d_like; Type: INDEX; Schema: public; Owner: -
--

CREATE INDEX core_tenant_cpf_cnpj_1c2c482d_like ON public.core_tenant USING btree (cpf_cnpj varchar_pattern_ops);


--
-- Name: core_tenant_created_by_id_c9f39c01; Type: INDEX; Schema: public; Owner: -
--

CREATE INDEX core_tenant_created_by_id_c9f39c01 ON public.core_tenant USING btree (created_by_id);


--
-- Name: core_tenant_deleted_by_id_3ff8f8bb; Type: INDEX; Schema: public; Owner: -
--

CREATE INDEX core_tenant_deleted_by_id_3ff8f8bb ON public.core_tenant USING btree (deleted_by_id);


--
-- Name: core_tenant_furnitures_furniture_id_b38a2b66; Type: INDEX; Schema: public; Owner: -
--

CREATE INDEX core_tenant_furnitures_furniture_id_b38a2b66 ON public.core_tenant_furnitures USING btree (furniture_id);


--
-- Name: core_tenant_furnitures_tenant_id_a5273f50; Type: INDEX; Schema: public; Owner: -
--

CREATE INDEX core_tenant_furnitures_tenant_id_a5273f50 ON public.core_tenant_furnitures USING btree (tenant_id);


--
-- Name: core_tenant_is_deleted_a0b4f60a; Type: INDEX; Schema: public; Owner: -
--

CREATE INDEX core_tenant_is_deleted_a0b4f60a ON public.core_tenant USING btree (is_deleted);


--
-- Name: core_tenant_updated_by_id_a39a25ef; Type: INDEX; Schema: public; Owner: -
--

CREATE INDEX core_tenant_updated_by_id_a39a25ef ON public.core_tenant USING btree (updated_by_id);


--
-- Name: django_admin_log_content_type_id_c4bce8eb; Type: INDEX; Schema: public; Owner: -
--

CREATE INDEX django_admin_log_content_type_id_c4bce8eb ON public.django_admin_log USING btree (content_type_id);


--
-- Name: django_admin_log_user_id_c564eba6; Type: INDEX; Schema: public; Owner: -
--

CREATE INDEX django_admin_log_user_id_c564eba6 ON public.django_admin_log USING btree (user_id);


--
-- Name: django_session_expire_date_a5c62663; Type: INDEX; Schema: public; Owner: -
--

CREATE INDEX django_session_expire_date_a5c62663 ON public.django_session USING btree (expire_date);


--
-- Name: django_session_session_key_c0390e0f_like; Type: INDEX; Schema: public; Owner: -
--

CREATE INDEX django_session_session_key_c0390e0f_like ON public.django_session USING btree (session_key varchar_pattern_ops);


--
-- Name: django_site_domain_a2e37b91_like; Type: INDEX; Schema: public; Owner: -
--

CREATE INDEX django_site_domain_a2e37b91_like ON public.django_site USING btree (domain varchar_pattern_ops);


--
-- Name: lease_apt_date_idx; Type: INDEX; Schema: public; Owner: -
--

CREATE INDEX lease_apt_date_idx ON public.core_lease USING btree (apartment_id, start_date);


--
-- Name: lease_contract_gen_idx; Type: INDEX; Schema: public; Owner: -
--

CREATE INDEX lease_contract_gen_idx ON public.core_lease USING btree (contract_generated);


--
-- Name: lease_due_date_idx; Type: INDEX; Schema: public; Owner: -
--

CREATE INDEX lease_due_date_idx ON public.core_lease USING btree (due_day, start_date);


--
-- Name: lease_start_date_idx; Type: INDEX; Schema: public; Owner: -
--

CREATE INDEX lease_start_date_idx ON public.core_lease USING btree (start_date);


--
-- Name: lease_status_date_idx; Type: INDEX; Schema: public; Owner: -
--

CREATE INDEX lease_status_date_idx ON public.core_lease USING btree (contract_generated, start_date);


--
-- Name: lease_tenant_date_idx; Type: INDEX; Schema: public; Owner: -
--

CREATE INDEX lease_tenant_date_idx ON public.core_lease USING btree (responsible_tenant_id, start_date);


--
-- Name: socialaccount_socialaccount_user_id_8146e70c; Type: INDEX; Schema: public; Owner: -
--

CREATE INDEX socialaccount_socialaccount_user_id_8146e70c ON public.socialaccount_socialaccount USING btree (user_id);


--
-- Name: socialaccount_socialapp_sites_site_id_2579dee5; Type: INDEX; Schema: public; Owner: -
--

CREATE INDEX socialaccount_socialapp_sites_site_id_2579dee5 ON public.socialaccount_socialapp_sites USING btree (site_id);


--
-- Name: socialaccount_socialapp_sites_socialapp_id_97fb6e7d; Type: INDEX; Schema: public; Owner: -
--

CREATE INDEX socialaccount_socialapp_sites_socialapp_id_97fb6e7d ON public.socialaccount_socialapp_sites USING btree (socialapp_id);


--
-- Name: socialaccount_socialtoken_account_id_951f210e; Type: INDEX; Schema: public; Owner: -
--

CREATE INDEX socialaccount_socialtoken_account_id_951f210e ON public.socialaccount_socialtoken USING btree (account_id);


--
-- Name: socialaccount_socialtoken_app_id_636a42d7; Type: INDEX; Schema: public; Owner: -
--

CREATE INDEX socialaccount_socialtoken_app_id_636a42d7 ON public.socialaccount_socialtoken USING btree (app_id);


--
-- Name: tenant_status_type_idx; Type: INDEX; Schema: public; Owner: -
--

CREATE INDEX tenant_status_type_idx ON public.core_tenant USING btree (marital_status, is_company);


--
-- Name: tenant_type_name_idx; Type: INDEX; Schema: public; Owner: -
--

CREATE INDEX tenant_type_name_idx ON public.core_tenant USING btree (is_company, name);


--
-- Name: token_blacklist_outstandingtoken_jti_hex_d9bdf6f7_like; Type: INDEX; Schema: public; Owner: -
--

CREATE INDEX token_blacklist_outstandingtoken_jti_hex_d9bdf6f7_like ON public.token_blacklist_outstandingtoken USING btree (jti varchar_pattern_ops);


--
-- Name: token_blacklist_outstandingtoken_user_id_83bc629a; Type: INDEX; Schema: public; Owner: -
--

CREATE INDEX token_blacklist_outstandingtoken_user_id_83bc629a ON public.token_blacklist_outstandingtoken USING btree (user_id);


--
-- Name: unique_verified_email; Type: INDEX; Schema: public; Owner: -
--

CREATE UNIQUE INDEX unique_verified_email ON public.account_emailaddress USING btree (email) WHERE verified;


--
-- Name: account_emailaddress account_emailaddress_user_id_2c513194_fk_auth_user_id; Type: FK CONSTRAINT; Schema: public; Owner: -
--

ALTER TABLE ONLY public.account_emailaddress
    ADD CONSTRAINT account_emailaddress_user_id_2c513194_fk_auth_user_id FOREIGN KEY (user_id) REFERENCES public.auth_user(id) DEFERRABLE INITIALLY DEFERRED;


--
-- Name: account_emailconfirmation account_emailconfirm_email_address_id_5b7f8c58_fk_account_e; Type: FK CONSTRAINT; Schema: public; Owner: -
--

ALTER TABLE ONLY public.account_emailconfirmation
    ADD CONSTRAINT account_emailconfirm_email_address_id_5b7f8c58_fk_account_e FOREIGN KEY (email_address_id) REFERENCES public.account_emailaddress(id) DEFERRABLE INITIALLY DEFERRED;


--
-- Name: auth_group_permissions auth_group_permissio_permission_id_84c5c92e_fk_auth_perm; Type: FK CONSTRAINT; Schema: public; Owner: -
--

ALTER TABLE ONLY public.auth_group_permissions
    ADD CONSTRAINT auth_group_permissio_permission_id_84c5c92e_fk_auth_perm FOREIGN KEY (permission_id) REFERENCES public.auth_permission(id) DEFERRABLE INITIALLY DEFERRED;


--
-- Name: auth_group_permissions auth_group_permissions_group_id_b120cbf9_fk_auth_group_id; Type: FK CONSTRAINT; Schema: public; Owner: -
--

ALTER TABLE ONLY public.auth_group_permissions
    ADD CONSTRAINT auth_group_permissions_group_id_b120cbf9_fk_auth_group_id FOREIGN KEY (group_id) REFERENCES public.auth_group(id) DEFERRABLE INITIALLY DEFERRED;


--
-- Name: auth_permission auth_permission_content_type_id_2f476e4b_fk_django_co; Type: FK CONSTRAINT; Schema: public; Owner: -
--

ALTER TABLE ONLY public.auth_permission
    ADD CONSTRAINT auth_permission_content_type_id_2f476e4b_fk_django_co FOREIGN KEY (content_type_id) REFERENCES public.django_content_type(id) DEFERRABLE INITIALLY DEFERRED;


--
-- Name: auth_user_groups auth_user_groups_group_id_97559544_fk_auth_group_id; Type: FK CONSTRAINT; Schema: public; Owner: -
--

ALTER TABLE ONLY public.auth_user_groups
    ADD CONSTRAINT auth_user_groups_group_id_97559544_fk_auth_group_id FOREIGN KEY (group_id) REFERENCES public.auth_group(id) DEFERRABLE INITIALLY DEFERRED;


--
-- Name: auth_user_groups auth_user_groups_user_id_6a12ed8b_fk_auth_user_id; Type: FK CONSTRAINT; Schema: public; Owner: -
--

ALTER TABLE ONLY public.auth_user_groups
    ADD CONSTRAINT auth_user_groups_user_id_6a12ed8b_fk_auth_user_id FOREIGN KEY (user_id) REFERENCES public.auth_user(id) DEFERRABLE INITIALLY DEFERRED;


--
-- Name: auth_user_user_permissions auth_user_user_permi_permission_id_1fbb5f2c_fk_auth_perm; Type: FK CONSTRAINT; Schema: public; Owner: -
--

ALTER TABLE ONLY public.auth_user_user_permissions
    ADD CONSTRAINT auth_user_user_permi_permission_id_1fbb5f2c_fk_auth_perm FOREIGN KEY (permission_id) REFERENCES public.auth_permission(id) DEFERRABLE INITIALLY DEFERRED;


--
-- Name: auth_user_user_permissions auth_user_user_permissions_user_id_a95ead1b_fk_auth_user_id; Type: FK CONSTRAINT; Schema: public; Owner: -
--

ALTER TABLE ONLY public.auth_user_user_permissions
    ADD CONSTRAINT auth_user_user_permissions_user_id_a95ead1b_fk_auth_user_id FOREIGN KEY (user_id) REFERENCES public.auth_user(id) DEFERRABLE INITIALLY DEFERRED;


--
-- Name: core_apartment core_apartment_building_id_016e1f62_fk_core_building_id; Type: FK CONSTRAINT; Schema: public; Owner: -
--

ALTER TABLE ONLY public.core_apartment
    ADD CONSTRAINT core_apartment_building_id_016e1f62_fk_core_building_id FOREIGN KEY (building_id) REFERENCES public.core_building(id) DEFERRABLE INITIALLY DEFERRED;


--
-- Name: core_apartment core_apartment_created_by_id_63233eca_fk_auth_user_id; Type: FK CONSTRAINT; Schema: public; Owner: -
--

ALTER TABLE ONLY public.core_apartment
    ADD CONSTRAINT core_apartment_created_by_id_63233eca_fk_auth_user_id FOREIGN KEY (created_by_id) REFERENCES public.auth_user(id) DEFERRABLE INITIALLY DEFERRED;


--
-- Name: core_apartment core_apartment_deleted_by_id_aee90fef_fk_auth_user_id; Type: FK CONSTRAINT; Schema: public; Owner: -
--

ALTER TABLE ONLY public.core_apartment
    ADD CONSTRAINT core_apartment_deleted_by_id_aee90fef_fk_auth_user_id FOREIGN KEY (deleted_by_id) REFERENCES public.auth_user(id) DEFERRABLE INITIALLY DEFERRED;


--
-- Name: core_apartment_furnitures core_apartment_furni_apartment_id_fbc40478_fk_core_apar; Type: FK CONSTRAINT; Schema: public; Owner: -
--

ALTER TABLE ONLY public.core_apartment_furnitures
    ADD CONSTRAINT core_apartment_furni_apartment_id_fbc40478_fk_core_apar FOREIGN KEY (apartment_id) REFERENCES public.core_apartment(id) DEFERRABLE INITIALLY DEFERRED;


--
-- Name: core_apartment_furnitures core_apartment_furni_furniture_id_a48c384f_fk_core_furn; Type: FK CONSTRAINT; Schema: public; Owner: -
--

ALTER TABLE ONLY public.core_apartment_furnitures
    ADD CONSTRAINT core_apartment_furni_furniture_id_a48c384f_fk_core_furn FOREIGN KEY (furniture_id) REFERENCES public.core_furniture(id) DEFERRABLE INITIALLY DEFERRED;


--
-- Name: core_apartment core_apartment_updated_by_id_951fb395_fk_auth_user_id; Type: FK CONSTRAINT; Schema: public; Owner: -
--

ALTER TABLE ONLY public.core_apartment
    ADD CONSTRAINT core_apartment_updated_by_id_951fb395_fk_auth_user_id FOREIGN KEY (updated_by_id) REFERENCES public.auth_user(id) DEFERRABLE INITIALLY DEFERRED;


--
-- Name: core_building core_building_created_by_id_880b4e2d_fk_auth_user_id; Type: FK CONSTRAINT; Schema: public; Owner: -
--

ALTER TABLE ONLY public.core_building
    ADD CONSTRAINT core_building_created_by_id_880b4e2d_fk_auth_user_id FOREIGN KEY (created_by_id) REFERENCES public.auth_user(id) DEFERRABLE INITIALLY DEFERRED;


--
-- Name: core_building core_building_deleted_by_id_46b06a95_fk_auth_user_id; Type: FK CONSTRAINT; Schema: public; Owner: -
--

ALTER TABLE ONLY public.core_building
    ADD CONSTRAINT core_building_deleted_by_id_46b06a95_fk_auth_user_id FOREIGN KEY (deleted_by_id) REFERENCES public.auth_user(id) DEFERRABLE INITIALLY DEFERRED;


--
-- Name: core_building core_building_updated_by_id_b9061915_fk_auth_user_id; Type: FK CONSTRAINT; Schema: public; Owner: -
--

ALTER TABLE ONLY public.core_building
    ADD CONSTRAINT core_building_updated_by_id_b9061915_fk_auth_user_id FOREIGN KEY (updated_by_id) REFERENCES public.auth_user(id) DEFERRABLE INITIALLY DEFERRED;


--
-- Name: core_dependent core_dependent_created_by_id_1f75409f_fk_auth_user_id; Type: FK CONSTRAINT; Schema: public; Owner: -
--

ALTER TABLE ONLY public.core_dependent
    ADD CONSTRAINT core_dependent_created_by_id_1f75409f_fk_auth_user_id FOREIGN KEY (created_by_id) REFERENCES public.auth_user(id) DEFERRABLE INITIALLY DEFERRED;


--
-- Name: core_dependent core_dependent_deleted_by_id_ce75a7cb_fk_auth_user_id; Type: FK CONSTRAINT; Schema: public; Owner: -
--

ALTER TABLE ONLY public.core_dependent
    ADD CONSTRAINT core_dependent_deleted_by_id_ce75a7cb_fk_auth_user_id FOREIGN KEY (deleted_by_id) REFERENCES public.auth_user(id) DEFERRABLE INITIALLY DEFERRED;


--
-- Name: core_dependent core_dependent_tenant_id_ebc48edd_fk_core_tenant_id; Type: FK CONSTRAINT; Schema: public; Owner: -
--

ALTER TABLE ONLY public.core_dependent
    ADD CONSTRAINT core_dependent_tenant_id_ebc48edd_fk_core_tenant_id FOREIGN KEY (tenant_id) REFERENCES public.core_tenant(id) DEFERRABLE INITIALLY DEFERRED;


--
-- Name: core_dependent core_dependent_updated_by_id_c4c6f044_fk_auth_user_id; Type: FK CONSTRAINT; Schema: public; Owner: -
--

ALTER TABLE ONLY public.core_dependent
    ADD CONSTRAINT core_dependent_updated_by_id_c4c6f044_fk_auth_user_id FOREIGN KEY (updated_by_id) REFERENCES public.auth_user(id) DEFERRABLE INITIALLY DEFERRED;


--
-- Name: core_furniture core_furniture_created_by_id_ac6fa2c3_fk_auth_user_id; Type: FK CONSTRAINT; Schema: public; Owner: -
--

ALTER TABLE ONLY public.core_furniture
    ADD CONSTRAINT core_furniture_created_by_id_ac6fa2c3_fk_auth_user_id FOREIGN KEY (created_by_id) REFERENCES public.auth_user(id) DEFERRABLE INITIALLY DEFERRED;


--
-- Name: core_furniture core_furniture_deleted_by_id_48e626b9_fk_auth_user_id; Type: FK CONSTRAINT; Schema: public; Owner: -
--

ALTER TABLE ONLY public.core_furniture
    ADD CONSTRAINT core_furniture_deleted_by_id_48e626b9_fk_auth_user_id FOREIGN KEY (deleted_by_id) REFERENCES public.auth_user(id) DEFERRABLE INITIALLY DEFERRED;


--
-- Name: core_furniture core_furniture_updated_by_id_05fc60d9_fk_auth_user_id; Type: FK CONSTRAINT; Schema: public; Owner: -
--

ALTER TABLE ONLY public.core_furniture
    ADD CONSTRAINT core_furniture_updated_by_id_05fc60d9_fk_auth_user_id FOREIGN KEY (updated_by_id) REFERENCES public.auth_user(id) DEFERRABLE INITIALLY DEFERRED;


--
-- Name: core_lease core_lease_apartment_id_f3c48467_fk_core_apartment_id; Type: FK CONSTRAINT; Schema: public; Owner: -
--

ALTER TABLE ONLY public.core_lease
    ADD CONSTRAINT core_lease_apartment_id_f3c48467_fk_core_apartment_id FOREIGN KEY (apartment_id) REFERENCES public.core_apartment(id) DEFERRABLE INITIALLY DEFERRED;


--
-- Name: core_lease core_lease_created_by_id_10d4e47a_fk_auth_user_id; Type: FK CONSTRAINT; Schema: public; Owner: -
--

ALTER TABLE ONLY public.core_lease
    ADD CONSTRAINT core_lease_created_by_id_10d4e47a_fk_auth_user_id FOREIGN KEY (created_by_id) REFERENCES public.auth_user(id) DEFERRABLE INITIALLY DEFERRED;


--
-- Name: core_lease core_lease_deleted_by_id_a349bea4_fk_auth_user_id; Type: FK CONSTRAINT; Schema: public; Owner: -
--

ALTER TABLE ONLY public.core_lease
    ADD CONSTRAINT core_lease_deleted_by_id_a349bea4_fk_auth_user_id FOREIGN KEY (deleted_by_id) REFERENCES public.auth_user(id) DEFERRABLE INITIALLY DEFERRED;


--
-- Name: core_lease core_lease_responsible_tenant_id_7048940f_fk_core_tenant_id; Type: FK CONSTRAINT; Schema: public; Owner: -
--

ALTER TABLE ONLY public.core_lease
    ADD CONSTRAINT core_lease_responsible_tenant_id_7048940f_fk_core_tenant_id FOREIGN KEY (responsible_tenant_id) REFERENCES public.core_tenant(id) DEFERRABLE INITIALLY DEFERRED;


--
-- Name: core_lease_tenants core_lease_tenants_lease_id_4e718198_fk_core_lease_id; Type: FK CONSTRAINT; Schema: public; Owner: -
--

ALTER TABLE ONLY public.core_lease_tenants
    ADD CONSTRAINT core_lease_tenants_lease_id_4e718198_fk_core_lease_id FOREIGN KEY (lease_id) REFERENCES public.core_lease(id) DEFERRABLE INITIALLY DEFERRED;


--
-- Name: core_lease_tenants core_lease_tenants_tenant_id_1fe477aa_fk_core_tenant_id; Type: FK CONSTRAINT; Schema: public; Owner: -
--

ALTER TABLE ONLY public.core_lease_tenants
    ADD CONSTRAINT core_lease_tenants_tenant_id_1fe477aa_fk_core_tenant_id FOREIGN KEY (tenant_id) REFERENCES public.core_tenant(id) DEFERRABLE INITIALLY DEFERRED;


--
-- Name: core_lease core_lease_updated_by_id_837ebc4b_fk_auth_user_id; Type: FK CONSTRAINT; Schema: public; Owner: -
--

ALTER TABLE ONLY public.core_lease
    ADD CONSTRAINT core_lease_updated_by_id_837ebc4b_fk_auth_user_id FOREIGN KEY (updated_by_id) REFERENCES public.auth_user(id) DEFERRABLE INITIALLY DEFERRED;


--
-- Name: core_tenant core_tenant_created_by_id_c9f39c01_fk_auth_user_id; Type: FK CONSTRAINT; Schema: public; Owner: -
--

ALTER TABLE ONLY public.core_tenant
    ADD CONSTRAINT core_tenant_created_by_id_c9f39c01_fk_auth_user_id FOREIGN KEY (created_by_id) REFERENCES public.auth_user(id) DEFERRABLE INITIALLY DEFERRED;


--
-- Name: core_tenant core_tenant_deleted_by_id_3ff8f8bb_fk_auth_user_id; Type: FK CONSTRAINT; Schema: public; Owner: -
--

ALTER TABLE ONLY public.core_tenant
    ADD CONSTRAINT core_tenant_deleted_by_id_3ff8f8bb_fk_auth_user_id FOREIGN KEY (deleted_by_id) REFERENCES public.auth_user(id) DEFERRABLE INITIALLY DEFERRED;


--
-- Name: core_tenant_furnitures core_tenant_furnitur_furniture_id_b38a2b66_fk_core_furn; Type: FK CONSTRAINT; Schema: public; Owner: -
--

ALTER TABLE ONLY public.core_tenant_furnitures
    ADD CONSTRAINT core_tenant_furnitur_furniture_id_b38a2b66_fk_core_furn FOREIGN KEY (furniture_id) REFERENCES public.core_furniture(id) DEFERRABLE INITIALLY DEFERRED;


--
-- Name: core_tenant_furnitures core_tenant_furnitures_tenant_id_a5273f50_fk_core_tenant_id; Type: FK CONSTRAINT; Schema: public; Owner: -
--

ALTER TABLE ONLY public.core_tenant_furnitures
    ADD CONSTRAINT core_tenant_furnitures_tenant_id_a5273f50_fk_core_tenant_id FOREIGN KEY (tenant_id) REFERENCES public.core_tenant(id) DEFERRABLE INITIALLY DEFERRED;


--
-- Name: core_tenant core_tenant_updated_by_id_a39a25ef_fk_auth_user_id; Type: FK CONSTRAINT; Schema: public; Owner: -
--

ALTER TABLE ONLY public.core_tenant
    ADD CONSTRAINT core_tenant_updated_by_id_a39a25ef_fk_auth_user_id FOREIGN KEY (updated_by_id) REFERENCES public.auth_user(id) DEFERRABLE INITIALLY DEFERRED;


--
-- Name: core_tenant core_tenant_user_id_6a06dd7c_fk_auth_user_id; Type: FK CONSTRAINT; Schema: public; Owner: -
--

ALTER TABLE ONLY public.core_tenant
    ADD CONSTRAINT core_tenant_user_id_6a06dd7c_fk_auth_user_id FOREIGN KEY (user_id) REFERENCES public.auth_user(id) DEFERRABLE INITIALLY DEFERRED;


--
-- Name: django_admin_log django_admin_log_content_type_id_c4bce8eb_fk_django_co; Type: FK CONSTRAINT; Schema: public; Owner: -
--

ALTER TABLE ONLY public.django_admin_log
    ADD CONSTRAINT django_admin_log_content_type_id_c4bce8eb_fk_django_co FOREIGN KEY (content_type_id) REFERENCES public.django_content_type(id) DEFERRABLE INITIALLY DEFERRED;


--
-- Name: django_admin_log django_admin_log_user_id_c564eba6_fk_auth_user_id; Type: FK CONSTRAINT; Schema: public; Owner: -
--

ALTER TABLE ONLY public.django_admin_log
    ADD CONSTRAINT django_admin_log_user_id_c564eba6_fk_auth_user_id FOREIGN KEY (user_id) REFERENCES public.auth_user(id) DEFERRABLE INITIALLY DEFERRED;


--
-- Name: socialaccount_socialtoken socialaccount_social_account_id_951f210e_fk_socialacc; Type: FK CONSTRAINT; Schema: public; Owner: -
--

ALTER TABLE ONLY public.socialaccount_socialtoken
    ADD CONSTRAINT socialaccount_social_account_id_951f210e_fk_socialacc FOREIGN KEY (account_id) REFERENCES public.socialaccount_socialaccount(id) DEFERRABLE INITIALLY DEFERRED;


--
-- Name: socialaccount_socialtoken socialaccount_social_app_id_636a42d7_fk_socialacc; Type: FK CONSTRAINT; Schema: public; Owner: -
--

ALTER TABLE ONLY public.socialaccount_socialtoken
    ADD CONSTRAINT socialaccount_social_app_id_636a42d7_fk_socialacc FOREIGN KEY (app_id) REFERENCES public.socialaccount_socialapp(id) DEFERRABLE INITIALLY DEFERRED;


--
-- Name: socialaccount_socialapp_sites socialaccount_social_site_id_2579dee5_fk_django_si; Type: FK CONSTRAINT; Schema: public; Owner: -
--

ALTER TABLE ONLY public.socialaccount_socialapp_sites
    ADD CONSTRAINT socialaccount_social_site_id_2579dee5_fk_django_si FOREIGN KEY (site_id) REFERENCES public.django_site(id) DEFERRABLE INITIALLY DEFERRED;


--
-- Name: socialaccount_socialapp_sites socialaccount_social_socialapp_id_97fb6e7d_fk_socialacc; Type: FK CONSTRAINT; Schema: public; Owner: -
--

ALTER TABLE ONLY public.socialaccount_socialapp_sites
    ADD CONSTRAINT socialaccount_social_socialapp_id_97fb6e7d_fk_socialacc FOREIGN KEY (socialapp_id) REFERENCES public.socialaccount_socialapp(id) DEFERRABLE INITIALLY DEFERRED;


--
-- Name: socialaccount_socialaccount socialaccount_socialaccount_user_id_8146e70c_fk_auth_user_id; Type: FK CONSTRAINT; Schema: public; Owner: -
--

ALTER TABLE ONLY public.socialaccount_socialaccount
    ADD CONSTRAINT socialaccount_socialaccount_user_id_8146e70c_fk_auth_user_id FOREIGN KEY (user_id) REFERENCES public.auth_user(id) DEFERRABLE INITIALLY DEFERRED;


--
-- Name: token_blacklist_blacklistedtoken token_blacklist_blacklistedtoken_token_id_3cc7fe56_fk; Type: FK CONSTRAINT; Schema: public; Owner: -
--

ALTER TABLE ONLY public.token_blacklist_blacklistedtoken
    ADD CONSTRAINT token_blacklist_blacklistedtoken_token_id_3cc7fe56_fk FOREIGN KEY (token_id) REFERENCES public.token_blacklist_outstandingtoken(id) DEFERRABLE INITIALLY DEFERRED;


--
-- Name: token_blacklist_outstandingtoken token_blacklist_outs_user_id_83bc629a_fk_auth_user; Type: FK CONSTRAINT; Schema: public; Owner: -
--

ALTER TABLE ONLY public.token_blacklist_outstandingtoken
    ADD CONSTRAINT token_blacklist_outs_user_id_83bc629a_fk_auth_user FOREIGN KEY (user_id) REFERENCES public.auth_user(id) DEFERRABLE INITIALLY DEFERRED;


--
-- PostgreSQL database dump complete
--

